id,name,calories,proteins,fat,carbohydrate,status,alasan,saran_porsi
1,Abon,280.0,9.2,28.4,0.0,TIDAK_BISA,lemak 28.4g (melebihi batas 25g),Hindari. Konsultasikan dengan ahli gizi untuk alternatif.
2,Abon Haruwan,513.0,23.7,37.0,21.3,TIDAK_BISA,lemak 37.0g (melebihi batas 25g); kalori 513.0 kkal cukup tinggi untuk kondisi ini,Hindari. Konsultasikan dengan ahli gizi untuk alternatif.
3,Agar-Agar,0.0,0.0,0.2,0.0,BISA,lemak 0.2g (di bawah batas 10g),Boleh dikonsumsi normal. Tetap perhatikan total porsi harian.
4,Akar Tonjong Segar,45.0,1.1,0.4,10.8,BISA,lemak 0.4g (di bawah batas 10g),Boleh dikonsumsi normal. Tetap perhatikan total porsi harian.
5,Aletoge Segar,37.0,4.4,0.5,3.8,BISA,lemak 0.5g (di bawah batas 10g),Boleh dikonsumsi normal. Tetap perhatikan total porsi harian.
6,Alpukat Segar,85.0,0.9,6.5,7.7,BISA,lemak 6.5g (di bawah batas 10g),Boleh dikonsumsi normal. Tetap perhatikan total porsi harian.
7,Ampas Kacang Hijau,96.0,3.7,0.6,19.1,BISA,lemak 0.6g (di bawah batas 10g),Boleh dikonsumsi normal. Tetap perhatikan total porsi harian.
8,Ampas Tahu,414.0,26.6,18.3,41.3,NETRAL,"lemak 18.3g (perlu dibatasi, batas aman 18g); kalori 414.0 kkal cukup tinggi untuk kondisi ini; protein 26.6g cukup tinggi membantu offset lemak","Konsumsi 1 porsi kecil (50–80g) per hari, tidak setiap hari."
9,Ampas Tahu Kukus,75.0,4.1,2.1,10.7,BISA,lemak 2.1g (di bawah batas 10g),Boleh dikonsumsi normal. Tetap perhatikan total porsi harian.
10,Ampas Tahu Mentah,67.0,5.0,2.1,8.1,BISA,lemak 2.1g (di bawah batas 10g),Boleh dikonsumsi normal. Tetap perhatikan total porsi harian.
11,Anak Sapi Daging Gemuk Segar,184.0,18.8,14.0,0.0,NETRAL,lemak 14.0g (zona netral 10–18g); protein 18.8g cukup tinggi membantu offset lemak,"Konsumsi 1 porsi kecil (50–80g) per hari, tidak setiap hari."
12,Anak Sapi Daging Kurus Segar,174.0,19.6,10.0,0.0,BISA,lemak 10.0g (di bawah batas 10g); protein 19.6g cukup tinggi membantu offset lemak,Boleh dikonsumsi normal. Tetap perhatikan total porsi harian.
13,Anak Sapi Daging Sedang Segar,190.0,19.1,12.0,0.0,NETRAL,lemak 12.0g (zona netral 10–18g); protein 19.1g cukup tinggi membantu offset lemak,"Konsumsi 1 porsi kecil (50–80g) per hari, tidak setiap hari."
14,Andaliman Segar,99.0,4.6,1.0,18.0,BISA,lemak 1.0g (di bawah batas 10g),Boleh dikonsumsi normal. Tetap perhatikan total porsi harian.
15,Andewi,25.0,1.6,0.2,5.3,BISA,lemak 0.2g (di bawah batas 10g),Boleh dikonsumsi normal. Tetap perhatikan total porsi harian.
16,Anggur Hutan Segar,30.0,0.5,0.2,6.8,BISA,lemak 0.2g (di bawah batas 10g),Boleh dikonsumsi normal. Tetap perhatikan total porsi harian.
17,Angsa,354.0,16.4,31.5,0.0,TIDAK_BISA,lemak 31.5g (melebihi batas 25g),Hindari. Konsultasikan dengan ahli gizi untuk alternatif.
18,Anyang Sayur,126.0,3.4,7.9,10.3,BISA,lemak 7.9g (di bawah batas 10g),Boleh dikonsumsi normal. Tetap perhatikan total porsi harian.
19,Apel,58.0,0.3,0.4,14.9,BISA,lemak 0.4g (di bawah batas 10g),Boleh dikonsumsi normal. Tetap perhatikan total porsi harian.
20,Apel Malang Segar,57.0,0.5,0.4,12.8,BISA,lemak 0.4g (di bawah batas 10g),Boleh dikonsumsi normal. Tetap perhatikan total porsi harian.
21,Arbei,37.0,0.8,0.5,8.3,BISA,lemak 0.5g (di bawah batas 10g),Boleh dikonsumsi normal. Tetap perhatikan total porsi harian.
22,Ares Sayur,113.0,0.9,7.2,11.2,BISA,lemak 7.2g (di bawah batas 10g),Boleh dikonsumsi normal. Tetap perhatikan total porsi harian.
23,Arrowroot Segar,102.0,1.0,0.2,24.1,BISA,lemak 0.2g (di bawah batas 10g),Boleh dikonsumsi normal. Tetap perhatikan total porsi harian.
24,Arwan Sirsir,277.0,2.4,25.0,10.7,LIMIT,"lemak 25.0g (perlu dibatasi, batas aman 18g)","Batasi 1-2x per minggu, porsi sangat kecil (≤50g). Pilih metode masak rendah minyak."
25,Asam Kandis Segar,75.0,0.2,1.1,16.1,BISA,lemak 1.1g (di bawah batas 10g),Boleh dikonsumsi normal. Tetap perhatikan total porsi harian.
26,Asam Masak Di Pohon,239.0,2.8,0.6,62.5,BISA,lemak 0.6g (di bawah batas 10g),Boleh dikonsumsi normal. Tetap perhatikan total porsi harian.
27,Asam Payak Segar,135.0,0.8,0.4,32.1,BISA,lemak 0.4g (di bawah batas 10g),Boleh dikonsumsi normal. Tetap perhatikan total porsi harian.
28,Asan Kandis Kering,261.0,0.9,1.6,63.3,BISA,lemak 1.6g (di bawah batas 10g),Boleh dikonsumsi normal. Tetap perhatikan total porsi harian.
29,Asinan Bogor Sayuran,98.0,3.9,2.6,14.8,BISA,lemak 2.6g (di bawah batas 10g),Boleh dikonsumsi normal. Tetap perhatikan total porsi harian.
30,Ayam,302.0,18.2,25.0,0.0,NETRAL,"lemak 25.0g (perlu dibatasi, batas aman 18g); protein 18.2g cukup tinggi membantu offset lemak","Konsumsi 1 porsi kecil (50–80g) per hari, tidak setiap hari."
31,Ayam  Goreng Kentuckysayap,297.0,35.9,15.2,1.6,NETRAL,lemak 15.2g (zona netral 10–18g); protein 35.9g cukup tinggi membantu offset lemak,"Konsumsi 1 porsi kecil (50–80g) per hari, tidak setiap hari."
32,Ayam Ampela Goreng,270.0,32.3,11.2,9.9,NETRAL,lemak 11.2g (zona netral 10–18g); protein 32.3g cukup tinggi membantu offset lemak,"Konsumsi 1 porsi kecil (50–80g) per hari, tidak setiap hari."
33,Ayam Dideh/Darah Segar,75.0,13.8,1.9,0.7,BISA,lemak 1.9g (di bawah batas 10g),Boleh dikonsumsi normal. Tetap perhatikan total porsi harian.
34,Ayam Goreng Church Texa Sayap,295.0,34.0,16.0,1.5,NETRAL,lemak 16.0g (zona netral 10–18g); protein 34.0g cukup tinggi membantu offset lemak,"Konsumsi 1 porsi kecil (50–80g) per hari, tidak setiap hari."
35,Ayam Goreng Church Texas Dada,338.0,35.2,20.6,0.4,NETRAL,"lemak 20.6g (perlu dibatasi, batas aman 18g); protein 35.2g cukup tinggi membantu offset lemak","Konsumsi 1 porsi kecil (50–80g) per hari, tidak setiap hari."
36,Ayam Goreng Kalasan Paha,275.0,37.4,12.2,1.3,NETRAL,lemak 12.2g (zona netral 10–18g); protein 37.4g cukup tinggi membantu offset lemak,"Konsumsi 1 porsi kecil (50–80g) per hari, tidak setiap hari."
37,Ayam Goreng Kentucky Dada,298.0,34.2,16.8,0.1,NETRAL,lemak 16.8g (zona netral 10–18g); protein 34.2g cukup tinggi membantu offset lemak,"Konsumsi 1 porsi kecil (50–80g) per hari, tidak setiap hari."
38,Ayam Goreng Kentucky Paha,286.0,32.1,16.1,1.1,NETRAL,lemak 16.1g (zona netral 10–18g); protein 32.1g cukup tinggi membantu offset lemak,"Konsumsi 1 porsi kecil (50–80g) per hari, tidak setiap hari."
39,Ayam Goreng Mbok Berek Dada,295.0,39.2,13.6,1.0,NETRAL,lemak 13.6g (zona netral 10–18g); protein 39.2g cukup tinggi membantu offset lemak,"Konsumsi 1 porsi kecil (50–80g) per hari, tidak setiap hari."
40,Ayam Goreng Paha,287.0,31.0,15.7,1.7,NETRAL,lemak 15.7g (zona netral 10–18g); protein 31.0g cukup tinggi membantu offset lemak,"Konsumsi 1 porsi kecil (50–80g) per hari, tidak setiap hari."
41,Ayam Goreng Pasundan Dada,246.0,37.9,9.0,0.7,BISA,lemak 9.0g (di bawah batas 10g); protein 37.9g cukup tinggi membantu offset lemak,Boleh dikonsumsi normal. Tetap perhatikan total porsi harian.
42,Ayam Goreng Pasundan Paha,245.0,33.1,11.4,0.3,NETRAL,lemak 11.4g (zona netral 10–18g); protein 33.1g cukup tinggi membantu offset lemak,"Konsumsi 1 porsi kecil (50–80g) per hari, tidak setiap hari."
43,Ayam Goreng Pioneer Dada,295.0,37.4,14.7,0.6,NETRAL,lemak 14.7g (zona netral 10–18g); protein 37.4g cukup tinggi membantu offset lemak,"Konsumsi 1 porsi kecil (50–80g) per hari, tidak setiap hari."
44,Ayam Goreng Sukabumi Dada,244.0,36.7,9.2,1.0,BISA,lemak 9.2g (di bawah batas 10g); protein 36.7g cukup tinggi membantu offset lemak,Boleh dikonsumsi normal. Tetap perhatikan total porsi harian.
45,Ayam Goreng Sukabumi Paha,283.0,35.7,14.3,0.5,NETRAL,lemak 14.3g (zona netral 10–18g); protein 35.7g cukup tinggi membantu offset lemak,"Konsumsi 1 porsi kecil (50–80g) per hari, tidak setiap hari."
46,Ayam Hati Segar,261.0,27.4,16.1,1.6,NETRAL,lemak 16.1g (zona netral 10–18g); protein 27.4g cukup tinggi membantu offset lemak,"Konsumsi 1 porsi kecil (50–80g) per hari, tidak setiap hari."
47,Ayam Taliwang Masakan,264.0,18.2,20.1,2.7,NETRAL,"lemak 20.1g (perlu dibatasi, batas aman 18g); protein 18.2g cukup tinggi membantu offset lemak","Konsumsi 1 porsi kecil (50–80g) per hari, tidak setiap hari."
48,Ayam Usus Goreng,473.0,45.2,26.3,13.9,TIDAK_BISA,lemak 26.3g (melebihi batas 25g); kalori 473.0 kkal cukup tinggi untuk kondisi ini,Hindari. Konsultasikan dengan ahli gizi untuk alternatif.
49,Babat,113.0,17.6,4.2,0.0,BISA,lemak 4.2g (di bawah batas 10g); protein 17.6g cukup tinggi membantu offset lemak,Boleh dikonsumsi normal. Tetap perhatikan total porsi harian.
50,Babi Daging Gemuk Segar,453.0,11.9,45.0,0.0,TIDAK_BISA,lemak 45.0g (melebihi batas 25g); kalori 453.0 kkal cukup tinggi untuk kondisi ini,Hindari. Konsultasikan dengan ahli gizi untuk alternatif.
51,Babi Daging Kurus Segar,371.0,14.1,35.0,0.0,TIDAK_BISA,lemak 35.0g (melebihi batas 25g),Hindari. Konsultasikan dengan ahli gizi untuk alternatif.
52,Babi Ginjal Segar,110.0,16.3,4.6,0.8,BISA,lemak 4.6g (di bawah batas 10g); protein 16.3g cukup tinggi membantu offset lemak,Boleh dikonsumsi normal. Tetap perhatikan total porsi harian.
53,Babi Hati Segar,129.0,19.7,4.8,1.7,BISA,lemak 4.8g (di bawah batas 10g); protein 19.7g cukup tinggi membantu offset lemak,Boleh dikonsumsi normal. Tetap perhatikan total porsi harian.
54,Babi Hutan Masak Rica Masakan,491.0,24.6,16.3,0.2,NETRAL,lemak 16.3g (zona netral 10–18g); kalori 491.0 kkal cukup tinggi untuk kondisi ini; protein 24.6g cukup tinggi membantu offset lemak,"Konsumsi 1 porsi kecil (50–80g) per hari, tidak setiap hari."
55,Bacang,102.9,3.3,2.7,16.3,BISA,lemak 2.7g (di bawah batas 10g),Boleh dikonsumsi normal. Tetap perhatikan total porsi harian.
56,Bagea Kelapa Asin,450.0,3.2,13.9,78.1,NETRAL,lemak 13.9g (zona netral 10–18g); kalori 450.0 kkal cukup tinggi untuk kondisi ini,"Konsumsi 1 porsi kecil (50–80g) per hari, tidak setiap hari."
57,Bagea Kelapa Manis,452.0,1.3,13.8,80.6,NETRAL,lemak 13.8g (zona netral 10–18g); kalori 452.0 kkal cukup tinggi untuk kondisi ini,"Konsumsi 1 porsi kecil (50–80g) per hari, tidak setiap hari."
58,Bagea Kenari Asin,529.0,3.2,29.1,63.6,TIDAK_BISA,lemak 29.1g (melebihi batas 25g); kalori 529.0 kkal cukup tinggi untuk kondisi ini,Hindari. Konsultasikan dengan ahli gizi untuk alternatif.
59,Bagea Kenari Manis,523.0,3.2,28.2,64.2,TIDAK_BISA,lemak 28.2g (melebihi batas 25g); kalori 523.0 kkal cukup tinggi untuk kondisi ini,Hindari. Konsultasikan dengan ahli gizi untuk alternatif.
60,Bagea Kw 1,416.0,6.5,9.4,76.3,NETRAL,lemak 9.4g (di bawah batas 10g); kalori 416.0 kkal cukup tinggi untuk kondisi ini,"Konsumsi 1 porsi kecil (50–80g) per hari, tidak setiap hari."
61,Bagea Kw 2,382.0,0.3,3.5,87.2,BISA,lemak 3.5g (di bawah batas 10g),Boleh dikonsumsi normal. Tetap perhatikan total porsi harian.
62,Baje,129.0,1.9,6.6,15.6,BISA,lemak 6.6g (di bawah batas 10g),Boleh dikonsumsi normal. Tetap perhatikan total porsi harian.
63,Bakpia Kue,272.0,8.7,6.7,44.1,BISA,lemak 6.7g (di bawah batas 10g),Boleh dikonsumsi normal. Tetap perhatikan total porsi harian.
64,Bakso,76.0,4.1,2.5,9.2,BISA,lemak 2.5g (di bawah batas 10g),Boleh dikonsumsi normal. Tetap perhatikan total porsi harian.
65,Bakung Segar,27.0,2.0,0.2,4.2,BISA,lemak 0.2g (di bawah batas 10g),Boleh dikonsumsi normal. Tetap perhatikan total porsi harian.
66,Bakwan,280.0,8.2,10.2,39.0,NETRAL,lemak 10.2g (zona netral 10–18g),"Konsumsi 1 porsi kecil (50–80g) per hari, tidak setiap hari."
67,Baligo,13.0,0.4,0.2,3.0,BISA,lemak 0.2g (di bawah batas 10g),Boleh dikonsumsi normal. Tetap perhatikan total porsi harian.
68,Bantal,190.0,3.3,0.3,43.5,BISA,lemak 0.3g (di bawah batas 10g),Boleh dikonsumsi normal. Tetap perhatikan total porsi harian.
69,Barongko,159.0,3.1,5.8,23.5,BISA,lemak 5.8g (di bawah batas 10g),Boleh dikonsumsi normal. Tetap perhatikan total porsi harian.
70,Batang Tading,137.0,4.3,4.8,19.1,BISA,lemak 4.8g (di bawah batas 10g),Boleh dikonsumsi normal. Tetap perhatikan total porsi harian.
71,Batar Daan,107.0,2.2,2.2,19.6,BISA,lemak 2.2g (di bawah batas 10g),Boleh dikonsumsi normal. Tetap perhatikan total porsi harian.
72,Batatas Gembili Segar,76.0,1.1,0.9,16.0,BISA,lemak 0.9g (di bawah batas 10g),Boleh dikonsumsi normal. Tetap perhatikan total porsi harian.
73,Batatas Kelapa Ubi Bakar,110.0,1.4,1.1,23.4,BISA,lemak 1.1g (di bawah batas 10g),Boleh dikonsumsi normal. Tetap perhatikan total porsi harian.
74,Batatas Kelapa Ubi Kukus,92.0,1.2,0.3,21.0,BISA,lemak 0.3g (di bawah batas 10g),Boleh dikonsumsi normal. Tetap perhatikan total porsi harian.
75,Batatas Kelapa Ubi Segar,89.0,1.1,0.1,21.0,BISA,lemak 0.1g (di bawah batas 10g),Boleh dikonsumsi normal. Tetap perhatikan total porsi harian.
76,Batatas Tali Ubi Rebus,182.0,2.4,0.4,42.2,BISA,lemak 0.4g (di bawah batas 10g),Boleh dikonsumsi normal. Tetap perhatikan total porsi harian.
77,Bawang Bombay,45.0,1.4,0.2,10.3,BISA,lemak 0.2g (di bawah batas 10g),Boleh dikonsumsi normal. Tetap perhatikan total porsi harian.
78,Bawang Merah,39.0,1.5,0.3,0.2,BISA,lemak 0.3g (di bawah batas 10g),Boleh dikonsumsi normal. Tetap perhatikan total porsi harian.
79,Bawang Putih,95.0,4.5,0.2,23.1,BISA,lemak 0.2g (di bawah batas 10g),Boleh dikonsumsi normal. Tetap perhatikan total porsi harian.
80,Bayam Kukus,30.0,1.3,0.7,5.8,BISA,lemak 0.7g (di bawah batas 10g),Boleh dikonsumsi normal. Tetap perhatikan total porsi harian.
81,Bayam Merah,51.0,4.6,0.5,10.0,BISA,lemak 0.5g (di bawah batas 10g),Boleh dikonsumsi normal. Tetap perhatikan total porsi harian.
82,Bayam Merah Segar,41.0,2.2,0.8,6.3,BISA,lemak 0.8g (di bawah batas 10g),Boleh dikonsumsi normal. Tetap perhatikan total porsi harian.
83,Bayam Rebus,23.0,1.2,0.6,3.7,BISA,lemak 0.6g (di bawah batas 10g),Boleh dikonsumsi normal. Tetap perhatikan total porsi harian.
84,Bayam Segar,36.0,3.5,0.5,6.5,BISA,lemak 0.5g (di bawah batas 10g),Boleh dikonsumsi normal. Tetap perhatikan total porsi harian.
85,Bayam Tumis + Oncom,102.0,3.7,6.7,6.9,BISA,lemak 6.7g (di bawah batas 10g),Boleh dikonsumsi normal. Tetap perhatikan total porsi harian.
86,Bayam Tumis Bersantan,48.0,1.4,4.2,2.6,BISA,lemak 4.2g (di bawah batas 10g),Boleh dikonsumsi normal. Tetap perhatikan total porsi harian.
87,Bebek (Itik),326.0,16.0,28.6,0.0,TIDAK_BISA,lemak 28.6g (melebihi batas 25g),Hindari. Konsultasikan dengan ahli gizi untuk alternatif.
88,Bebek Alabio Daging Segar,303.0,11.3,27.0,3.7,TIDAK_BISA,lemak 27.0g (melebihi batas 25g),Hindari. Konsultasikan dengan ahli gizi untuk alternatif.
89,Bebek Daging Goreng,300.0,24.0,20.7,4.5,NETRAL,"lemak 20.7g (perlu dibatasi, batas aman 18g); protein 24.0g cukup tinggi membantu offset lemak","Konsumsi 1 porsi kecil (50–80g) per hari, tidak setiap hari."
90,Beberuk,65.0,1.1,5.2,3.5,BISA,lemak 5.2g (di bawah batas 10g),Boleh dikonsumsi normal. Tetap perhatikan total porsi harian.
91,Beef Burger,258.0,10.6,9.5,32.5,BISA,lemak 9.5g (di bawah batas 10g),Boleh dikonsumsi normal. Tetap perhatikan total porsi harian.
92,Beef Teriyaki Masakan,151.0,8.6,3.1,22.3,BISA,lemak 3.1g (di bawah batas 10g),Boleh dikonsumsi normal. Tetap perhatikan total porsi harian.
93,Beef Yakiniku Masakan,132.0,9.8,1.1,20.7,BISA,lemak 1.1g (di bawah batas 10g),Boleh dikonsumsi normal. Tetap perhatikan total porsi harian.
94,Bekasam,116.0,11.9,4.9,6.1,BISA,lemak 4.9g (di bawah batas 10g),Boleh dikonsumsi normal. Tetap perhatikan total porsi harian.
95,Bekasang,78.0,11.4,2.0,3.6,BISA,lemak 2.0g (di bawah batas 10g),Boleh dikonsumsi normal. Tetap perhatikan total porsi harian.
96,Belibis Daging Segar,131.0,20.2,4.3,2.8,BISA,lemak 4.3g (di bawah batas 10g); protein 20.2g cukup tinggi membantu offset lemak,Boleh dikonsumsi normal. Tetap perhatikan total porsi harian.
97,Belimbing,36.0,0.4,0.4,8.8,BISA,lemak 0.4g (di bawah batas 10g),Boleh dikonsumsi normal. Tetap perhatikan total porsi harian.
98,Belitung Talas Kukus,145.0,1.2,0.4,34.2,BISA,lemak 0.4g (di bawah batas 10g),Boleh dikonsumsi normal. Tetap perhatikan total porsi harian.
99,Belut Goreng,417.0,25.9,19.4,32.0,NETRAL,"lemak 19.4g (perlu dibatasi, batas aman 18g); kalori 417.0 kkal cukup tinggi untuk kondisi ini; protein 25.9g cukup tinggi membantu offset lemak","Konsumsi 1 porsi kecil (50–80g) per hari, tidak setiap hari."
100,Belut Segar,70.0,14.6,0.8,1.0,BISA,lemak 0.8g (di bawah batas 10g),Boleh dikonsumsi normal. Tetap perhatikan total porsi harian.
101,Belutlaut Segar,93.0,12.8,1.5,6.1,BISA,lemak 1.5g (di bawah batas 10g),Boleh dikonsumsi normal. Tetap perhatikan total porsi harian.
102,Bengkuang,55.0,1.4,0.2,12.8,BISA,lemak 0.2g (di bawah batas 10g),Boleh dikonsumsi normal. Tetap perhatikan total porsi harian.
103,Bentul (Komba)  Talas Segar,98.0,1.6,0.7,20.9,BISA,lemak 0.7g (di bawah batas 10g),Boleh dikonsumsi normal. Tetap perhatikan total porsi harian.
104,Bentul Talas Kukus,71.0,2.3,0.3,15.4,BISA,lemak 0.3g (di bawah batas 10g),Boleh dikonsumsi normal. Tetap perhatikan total porsi harian.
105,Beras Cerdas,350.0,2.7,1.1,82.3,BISA,lemak 1.1g (di bawah batas 10g),Boleh dikonsumsi normal. Tetap perhatikan total porsi harian.
106,Beras Ganyong,364.0,3.4,0.7,86.3,BISA,lemak 0.7g (di bawah batas 10g),Boleh dikonsumsi normal. Tetap perhatikan total porsi harian.
107,Beras Giling,360.0,6.8,0.7,78.9,BISA,lemak 0.7g (di bawah batas 10g),Boleh dikonsumsi normal. Tetap perhatikan total porsi harian.
108,Beras Giling Masak (Nasi),178.0,2.1,0.1,40.6,BISA,lemak 0.1g (di bawah batas 10g),Boleh dikonsumsi normal. Tetap perhatikan total porsi harian.
109,Beras Giling Mentah,357.0,8.4,1.7,77.1,BISA,lemak 1.7g (di bawah batas 10g),Boleh dikonsumsi normal. Tetap perhatikan total porsi harian.
110,Beras Giling Var Pelita Mentah,369.0,9.5,1.4,77.1,BISA,lemak 1.4g (di bawah batas 10g),Boleh dikonsumsi normal. Tetap perhatikan total porsi harian.
111,Beras Giling Var Rojolele Mentah,357.0,8.4,1.7,77.1,BISA,lemak 1.7g (di bawah batas 10g),Boleh dikonsumsi normal. Tetap perhatikan total porsi harian.
112,Beras Hitam Mentah,351.0,8.0,1.3,76.9,BISA,lemak 1.3g (di bawah batas 10g),Boleh dikonsumsi normal. Tetap perhatikan total porsi harian.
113,Beras Jagung Kuning Kering Mentah,358.0,5.5,0.1,82.7,BISA,lemak 0.1g (di bawah batas 10g),Boleh dikonsumsi normal. Tetap perhatikan total porsi harian.
114,Beras Jagung Putih Kering Mentah,307.0,4.8,0.1,71.8,BISA,lemak 0.1g (di bawah batas 10g),Boleh dikonsumsi normal. Tetap perhatikan total porsi harian.
115,Beras Ketan Hitam,356.0,7.0,0.7,78.0,BISA,lemak 0.7g (di bawah batas 10g),Boleh dikonsumsi normal. Tetap perhatikan total porsi harian.
116,Beras Ketan Hitam Kukus,181.0,4.0,1.2,37.3,BISA,lemak 1.2g (di bawah batas 10g),Boleh dikonsumsi normal. Tetap perhatikan total porsi harian.
117,Beras Ketan Hitam Tape,166.0,3.8,1.0,34.4,BISA,lemak 1.0g (di bawah batas 10g),Boleh dikonsumsi normal. Tetap perhatikan total porsi harian.
118,Beras Ketan Hitam Tumbuk,360.0,8.0,2.3,74.5,BISA,lemak 2.3g (di bawah batas 10g),Boleh dikonsumsi normal. Tetap perhatikan total porsi harian.
119,Beras Ketan Hitam Tumbuk Mentah,360.0,8.0,2.3,74.5,BISA,lemak 2.3g (di bawah batas 10g),Boleh dikonsumsi normal. Tetap perhatikan total porsi harian.
120,Beras Ketan Putih,362.0,6.7,0.7,79.4,BISA,lemak 0.7g (di bawah batas 10g),Boleh dikonsumsi normal. Tetap perhatikan total porsi harian.
121,Beras Ketan Putih Kukus,163.0,3.0,0.4,35.7,BISA,lemak 0.4g (di bawah batas 10g),Boleh dikonsumsi normal. Tetap perhatikan total porsi harian.
122,Beras Ketan Putih Tape,172.0,3.0,0.5,37.5,BISA,lemak 0.5g (di bawah batas 10g),Boleh dikonsumsi normal. Tetap perhatikan total porsi harian.
123,Beras Ketan Putih Tumbuk,361.0,7.4,0.8,78.4,BISA,lemak 0.8g (di bawah batas 10g),Boleh dikonsumsi normal. Tetap perhatikan total porsi harian.
124,Beras Ketan Putih Tumbuk Mentah,361.0,7.4,0.8,78.4,BISA,lemak 0.8g (di bawah batas 10g),Boleh dikonsumsi normal. Tetap perhatikan total porsi harian.
125,Beras Ladang Mentah,376.0,7.5,3.8,78.0,BISA,lemak 3.8g (di bawah batas 10g),Boleh dikonsumsi normal. Tetap perhatikan total porsi harian.
126,Beras Menir,339.0,7.7,4.4,73.0,BISA,lemak 4.4g (di bawah batas 10g),Boleh dikonsumsi normal. Tetap perhatikan total porsi harian.
127,Beras Menir Mentah,362.0,7.7,4.4,73.0,BISA,lemak 4.4g (di bawah batas 10g),Boleh dikonsumsi normal. Tetap perhatikan total porsi harian.
128,Beras Merah Tumbuk,359.0,7.5,0.9,77.6,BISA,lemak 0.9g (di bawah batas 10g),Boleh dikonsumsi normal. Tetap perhatikan total porsi harian.
129,Beras Parboiled,364.0,6.8,0.6,80.1,BISA,lemak 0.6g (di bawah batas 10g),Boleh dikonsumsi normal. Tetap perhatikan total porsi harian.
130,Beras Parboiled,353.0,6.8,0.6,80.0,BISA,lemak 0.6g (di bawah batas 10g),Boleh dikonsumsi normal. Tetap perhatikan total porsi harian.
131,Beras Pecah Kulit,335.0,7.4,1.9,76.2,BISA,lemak 1.9g (di bawah batas 10g),Boleh dikonsumsi normal. Tetap perhatikan total porsi harian.
132,Beras Setengah Giling,363.0,7.6,1.1,78.3,BISA,lemak 1.1g (di bawah batas 10g),Boleh dikonsumsi normal. Tetap perhatikan total porsi harian.
133,Beras Siger,344.0,1.1,0.2,28.3,BISA,lemak 0.2g (di bawah batas 10g),Boleh dikonsumsi normal. Tetap perhatikan total porsi harian.
134,Beras Tumbuk Mentah,354.0,7.8,0.4,79.9,BISA,lemak 0.4g (di bawah batas 10g),Boleh dikonsumsi normal. Tetap perhatikan total porsi harian.
135,Beras Tumbuk Merah Mentah,352.0,7.3,0.9,76.2,BISA,lemak 0.9g (di bawah batas 10g),Boleh dikonsumsi normal. Tetap perhatikan total porsi harian.
136,Betok Wadi Masakan,145.0,16.3,7.0,4.1,BISA,lemak 7.0g (di bawah batas 10g); protein 16.3g cukup tinggi membantu offset lemak,Boleh dikonsumsi normal. Tetap perhatikan total porsi harian.
137,Bihun,360.0,4.7,0.1,82.1,BISA,lemak 0.1g (di bawah batas 10g),Boleh dikonsumsi normal. Tetap perhatikan total porsi harian.
138,Bihun Goreng,154.0,3.0,4.5,25.5,BISA,lemak 4.5g (di bawah batas 10g),Boleh dikonsumsi normal. Tetap perhatikan total porsi harian.
139,Bihun Goreng Instan,381.0,6.1,3.9,80.3,BISA,lemak 3.9g (di bawah batas 10g),Boleh dikonsumsi normal. Tetap perhatikan total porsi harian.
140,Bihun Jagung Mentah,354.0,0.5,0.3,87.4,BISA,lemak 0.3g (di bawah batas 10g),Boleh dikonsumsi normal. Tetap perhatikan total porsi harian.
141,Bihun Mentah,348.0,4.7,0.1,82.1,BISA,lemak 0.1g (di bawah batas 10g),Boleh dikonsumsi normal. Tetap perhatikan total porsi harian.
142,Biji Jambu Mete,562.0,21.2,49.6,23.6,TIDAK_BISA,lemak 49.6g (melebihi batas 25g); kalori 562.0 kkal cukup tinggi untuk kondisi ini,Hindari. Konsultasikan dengan ahli gizi untuk alternatif.
143,Biji Jambu Mete Goreng,629.0,21.5,56.6,19.8,TIDAK_BISA,lemak 56.6g (melebihi batas 25g); kalori 629.0 kkal cukup tinggi untuk kondisi ini,Hindari. Konsultasikan dengan ahli gizi untuk alternatif.
144,Biji Nangka/Biji Salak,262.0,2.3,5.4,51.1,BISA,lemak 5.4g (di bawah batas 10g),Boleh dikonsumsi normal. Tetap perhatikan total porsi harian.
145,Bika Ambon,199.0,2.1,1.5,44.4,BISA,lemak 1.5g (di bawah batas 10g),Boleh dikonsumsi normal. Tetap perhatikan total porsi harian.
146,Bika Ambon,225.7,3.0,0.3,52.9,BISA,lemak 0.3g (di bawah batas 10g),Boleh dikonsumsi normal. Tetap perhatikan total porsi harian.
147,Bir (4% Alkohol),48.0,0.6,0.0,4.4,BISA,lemak 0.0g (di bawah batas 10g),Boleh dikonsumsi normal. Tetap perhatikan total porsi harian.
148,Biskuit,458.0,6.9,14.4,75.1,NETRAL,lemak 14.4g (zona netral 10–18g); kalori 458.0 kkal cukup tinggi untuk kondisi ini,"Konsumsi 1 porsi kecil (50–80g) per hari, tidak setiap hari."
149,Bit,42.0,1.6,0.1,9.6,BISA,lemak 0.1g (di bawah batas 10g),Boleh dikonsumsi normal. Tetap perhatikan total porsi harian.
150,Biwah Segar,51.0,0.3,0.1,12.1,BISA,lemak 0.1g (di bawah batas 10g),Boleh dikonsumsi normal. Tetap perhatikan total porsi harian.
151,Bonggol Pisang,43.0,2.6,0.0,11.6,BISA,lemak 0.0g (di bawah batas 10g),Boleh dikonsumsi normal. Tetap perhatikan total porsi harian.
152,Bonggol Pisang Kering,245.0,3.4,0.0,66.2,BISA,lemak 0.0g (di bawah batas 10g),Boleh dikonsumsi normal. Tetap perhatikan total porsi harian.
153,Bongkrek (Tempe Bungkil),119.0,4.4,3.5,18.3,BISA,lemak 3.5g (di bawah batas 10g),Boleh dikonsumsi normal. Tetap perhatikan total porsi harian.
154,Boros Kunci,23.0,1.0,0.8,7.2,BISA,lemak 0.8g (di bawah batas 10g),Boleh dikonsumsi normal. Tetap perhatikan total porsi harian.
155,Boros Laja (Lengkuas),22.0,1.0,0.3,4.7,BISA,lemak 0.3g (di bawah batas 10g),Boleh dikonsumsi normal. Tetap perhatikan total porsi harian.
156,Botok Lamtoro,186.0,11.7,9.7,13.0,BISA,lemak 9.7g (di bawah batas 10g),Boleh dikonsumsi normal. Tetap perhatikan total porsi harian.
157,Brem,249.0,3.4,0.4,58.0,BISA,lemak 0.4g (di bawah batas 10g),Boleh dikonsumsi normal. Tetap perhatikan total porsi harian.
158,Brondong,400.0,4.0,0.7,95.3,BISA,lemak 0.7g (di bawah batas 10g),Boleh dikonsumsi normal. Tetap perhatikan total porsi harian.
159,Brongkos,141.0,15.3,3.3,12.6,BISA,lemak 3.3g (di bawah batas 10g); protein 15.3g cukup tinggi membantu offset lemak,Boleh dikonsumsi normal. Tetap perhatikan total porsi harian.
160,Buah Atung,23.0,0.8,0.2,5.2,BISA,lemak 0.2g (di bawah batas 10g),Boleh dikonsumsi normal. Tetap perhatikan total porsi harian.
161,Buah Kelenting Segar,110.0,1.4,2.1,21.4,BISA,lemak 2.1g (di bawah batas 10g),Boleh dikonsumsi normal. Tetap perhatikan total porsi harian.
162,Buah Kelor,38.0,1.5,0.2,7.5,BISA,lemak 0.2g (di bawah batas 10g),Boleh dikonsumsi normal. Tetap perhatikan total porsi harian.
163,Buah Kom Segar,264.0,4.0,1.1,59.6,BISA,lemak 1.1g (di bawah batas 10g),Boleh dikonsumsi normal. Tetap perhatikan total porsi harian.
164,Buah Mentega (Bisbul),39.0,0.7,0.2,9.7,BISA,lemak 0.2g (di bawah batas 10g),Boleh dikonsumsi normal. Tetap perhatikan total porsi harian.
165,Buah Merah,87.0,2.6,2.7,13.1,BISA,lemak 2.7g (di bawah batas 10g),Boleh dikonsumsi normal. Tetap perhatikan total porsi harian.
166,Buah Naga Merah Segar,71.0,1.7,3.1,9.1,BISA,lemak 3.1g (di bawah batas 10g),Boleh dikonsumsi normal. Tetap perhatikan total porsi harian.
167,Buah Naga Putih Segar,56.0,0.8,1.0,10.9,BISA,lemak 1.0g (di bawah batas 10g),Boleh dikonsumsi normal. Tetap perhatikan total porsi harian.
168,Buah Negri Segar,55.0,1.2,0.1,12.2,BISA,lemak 0.1g (di bawah batas 10g),Boleh dikonsumsi normal. Tetap perhatikan total porsi harian.
169,Buah Nona,101.0,1.7,0.6,25.2,BISA,lemak 0.6g (di bawah batas 10g),Boleh dikonsumsi normal. Tetap perhatikan total porsi harian.
170,Buah Rotan Segar,78.0,0.6,0.3,18.2,BISA,lemak 0.3g (di bawah batas 10g),Boleh dikonsumsi normal. Tetap perhatikan total porsi harian.
171,Buah Rukam Segar,113.0,0.8,0.3,26.8,BISA,lemak 0.3g (di bawah batas 10g),Boleh dikonsumsi normal. Tetap perhatikan total porsi harian.
172,Buah Ruruhi Segar,29.0,2.1,0.7,3.6,BISA,lemak 0.7g (di bawah batas 10g),Boleh dikonsumsi normal. Tetap perhatikan total porsi harian.
173,Buah Tuppa Segar,67.0,0.4,0.2,15.9,BISA,lemak 0.2g (di bawah batas 10g),Boleh dikonsumsi normal. Tetap perhatikan total porsi harian.
174,Buaya Daging Dendeng Mentah,365.0,49.6,4.8,30.8,BISA,lemak 4.8g (di bawah batas 10g); protein 49.6g cukup tinggi membantu offset lemak,Boleh dikonsumsi normal. Tetap perhatikan total porsi harian.
175,Bubur,60.0,1.0,60.0,13.0,TIDAK_BISA,lemak 60.0g (melebihi batas 25g),Hindari. Konsultasikan dengan ahli gizi untuk alternatif.
176,Bubur Sagu,167.0,0.2,4.0,33.0,BISA,lemak 4.0g (di bawah batas 10g),Boleh dikonsumsi normal. Tetap perhatikan total porsi harian.
177,Bubur Tinotuan (Manado),156.0,2.3,0.2,15.6,BISA,lemak 0.2g (di bawah batas 10g),Boleh dikonsumsi normal. Tetap perhatikan total porsi harian.
178,Bulgogi Masakan,72.0,11.4,4.9,1.4,BISA,lemak 4.9g (di bawah batas 10g),Boleh dikonsumsi normal. Tetap perhatikan total porsi harian.
179,Bulung Jajan,212.0,16.9,0.2,47.6,BISA,lemak 0.2g (di bawah batas 10g); protein 16.9g cukup tinggi membantu offset lemak,Boleh dikonsumsi normal. Tetap perhatikan total porsi harian.
180,Bulung Sangu,237.0,14.7,0.2,56.0,BISA,lemak 0.2g (di bawah batas 10g),Boleh dikonsumsi normal. Tetap perhatikan total porsi harian.
181,Buncis,35.0,2.4,0.2,7.7,BISA,lemak 0.2g (di bawah batas 10g),Boleh dikonsumsi normal. Tetap perhatikan total porsi harian.
182,Buncis Asam,60.0,5.1,0.5,8.5,BISA,lemak 0.5g (di bawah batas 10g),Boleh dikonsumsi normal. Tetap perhatikan total porsi harian.
183,Buncis Rebus,30.0,2.2,0.2,6.4,BISA,lemak 0.2g (di bawah batas 10g),Boleh dikonsumsi normal. Tetap perhatikan total porsi harian.
184,Bunga Pepaya Segar,45.0,2.6,0.3,8.1,BISA,lemak 0.3g (di bawah batas 10g),Boleh dikonsumsi normal. Tetap perhatikan total porsi harian.
185,Bunga Turi Segar,42.0,2.0,1.1,6.1,BISA,lemak 1.1g (di bawah batas 10g),Boleh dikonsumsi normal. Tetap perhatikan total porsi harian.
186,Bungkil Biji Karet,333.0,29.3,3.3,50.0,BISA,lemak 3.3g (di bawah batas 10g); protein 29.3g cukup tinggi membantu offset lemak,Boleh dikonsumsi normal. Tetap perhatikan total porsi harian.
187,Bungkil Kacang Tanah,336.0,37.4,13.0,30.5,NETRAL,lemak 13.0g (zona netral 10–18g); protein 37.4g cukup tinggi membantu offset lemak,"Konsumsi 1 porsi kecil (50–80g) per hari, tidak setiap hari."
188,Bungkil Kelapa,368.0,23.0,15.0,40.0,NETRAL,lemak 15.0g (zona netral 10–18g); protein 23.0g cukup tinggi membantu offset lemak,"Konsumsi 1 porsi kecil (50–80g) per hari, tidak setiap hari."
189,Buntil,106.0,4.4,6.3,7.9,BISA,lemak 6.3g (di bawah batas 10g),Boleh dikonsumsi normal. Tetap perhatikan total porsi harian.
190,Buntil Daun Talas,141.0,4.4,10.2,8.0,NETRAL,lemak 10.2g (zona netral 10–18g),"Konsumsi 1 porsi kecil (50–80g) per hari, tidak setiap hari."
191,Buras,125.7,3.3,1.9,23.9,BISA,lemak 1.9g (di bawah batas 10g),Boleh dikonsumsi normal. Tetap perhatikan total porsi harian.
192,Burung Sarang Segar,281.0,37.5,0.3,32.1,BISA,lemak 0.3g (di bawah batas 10g); protein 37.5g cukup tinggi membantu offset lemak,Boleh dikonsumsi normal. Tetap perhatikan total porsi harian.
193,Cabai Gembor Merah Segar,38.0,1.6,0.8,6.3,BISA,lemak 0.8g (di bawah batas 10g),Boleh dikonsumsi normal. Tetap perhatikan total porsi harian.
194,Cabai Hijau Segar,26.0,0.7,0.3,5.2,BISA,lemak 0.3g (di bawah batas 10g),Boleh dikonsumsi normal. Tetap perhatikan total porsi harian.
195,Cabai Merah Kering,367.0,15.9,6.2,61.8,BISA,lemak 6.2g (di bawah batas 10g); protein 15.9g cukup tinggi membantu offset lemak,Boleh dikonsumsi normal. Tetap perhatikan total porsi harian.
196,Cabai Merah Segar,36.0,1.0,0.3,7.3,BISA,lemak 0.3g (di bawah batas 10g),Boleh dikonsumsi normal. Tetap perhatikan total porsi harian.
197,Cabai Rawit Segar,120.0,4.7,2.4,19.9,BISA,lemak 2.4g (di bawah batas 10g),Boleh dikonsumsi normal. Tetap perhatikan total porsi harian.
198,Caisin Segar,20.0,1.7,0.4,3.4,BISA,lemak 0.4g (di bawah batas 10g),Boleh dikonsumsi normal. Tetap perhatikan total porsi harian.
199,Cakalang Asar (Asap Papua),155.0,20.1,3.8,10.2,BISA,lemak 3.8g (di bawah batas 10g); protein 20.1g cukup tinggi membantu offset lemak,Boleh dikonsumsi normal. Tetap perhatikan total porsi harian.
200,Cake Tape,323.0,4.9,11.5,50.1,NETRAL,lemak 11.5g (zona netral 10–18g),"Konsumsi 1 porsi kecil (50–80g) per hari, tidak setiap hari."
201,Cammetutu,102.0,3.2,6.0,8.7,BISA,lemak 6.0g (di bawah batas 10g),Boleh dikonsumsi normal. Tetap perhatikan total porsi harian.
202,Cantel Mentah,366.0,11.0,3.3,73.0,BISA,lemak 3.3g (di bawah batas 10g),Boleh dikonsumsi normal. Tetap perhatikan total porsi harian.
203,Cap Cai Sayur,97.0,5.8,6.3,4.2,BISA,lemak 6.3g (di bawah batas 10g),Boleh dikonsumsi normal. Tetap perhatikan total porsi harian.
204,Carica Papaya Segar,24.0,1.9,0.2,3.7,BISA,lemak 0.2g (di bawah batas 10g),Boleh dikonsumsi normal. Tetap perhatikan total porsi harian.
205,Cassavastick,460.0,0.8,18.7,17.2,LIMIT,"lemak 18.7g (perlu dibatasi, batas aman 18g); kalori 460.0 kkal cukup tinggi untuk kondisi ini","Batasi 1-2x per minggu, porsi sangat kecil (≤50g). Pilih metode masak rendah minyak."
206,Cempedak,116.0,3.0,0.4,28.6,BISA,lemak 0.4g (di bawah batas 10g),Boleh dikonsumsi normal. Tetap perhatikan total porsi harian.
207,Cengkeh Kering,330.0,5.2,8.9,57.4,BISA,lemak 8.9g (di bawah batas 10g),Boleh dikonsumsi normal. Tetap perhatikan total porsi harian.
208,Centel,332.0,11.0,3.3,73.0,BISA,lemak 3.3g (di bawah batas 10g),Boleh dikonsumsi normal. Tetap perhatikan total porsi harian.
209,Ceriping Getuk Singkong,462.0,1.2,20.7,67.7,LIMIT,"lemak 20.7g (perlu dibatasi, batas aman 18g); kalori 462.0 kkal cukup tinggi untuk kondisi ini","Batasi 1-2x per minggu, porsi sangat kecil (≤50g). Pilih metode masak rendah minyak."
210,Chicken Teriyaki Masakan,168.0,13.0,9.6,7.5,BISA,lemak 9.6g (di bawah batas 10g),Boleh dikonsumsi normal. Tetap perhatikan total porsi harian.
211,Chikiniku Masakan,143.0,9.8,1.4,22.8,BISA,lemak 1.4g (di bawah batas 10g),Boleh dikonsumsi normal. Tetap perhatikan total porsi harian.
212,Coklat Bubuk,311.0,8.0,4.0,48.9,BISA,lemak 4.0g (di bawah batas 10g),Boleh dikonsumsi normal. Tetap perhatikan total porsi harian.
213,Coklat Manis Batang,472.0,2.0,29.8,62.7,TIDAK_BISA,lemak 29.8g (melebihi batas 25g); kalori 472.0 kkal cukup tinggi untuk kondisi ini,Hindari. Konsultasikan dengan ahli gizi untuk alternatif.
214,Coklat Pahit Batang,504.0,5.5,52.9,29.2,TIDAK_BISA,lemak 52.9g (melebihi batas 25g); kalori 504.0 kkal cukup tinggi untuk kondisi ini,Hindari. Konsultasikan dengan ahli gizi untuk alternatif.
215,Coklat Susu Batang,381.0,9.0,35.0,53.6,TIDAK_BISA,lemak 35.0g (melebihi batas 25g),Hindari. Konsultasikan dengan ahli gizi untuk alternatif.
216,Combro,210.0,1.6,6.6,35.8,BISA,lemak 6.6g (di bawah batas 10g),Boleh dikonsumsi normal. Tetap perhatikan total porsi harian.
217,Corned Beef,241.0,16.0,25.0,0.0,NETRAL,"lemak 25.0g (perlu dibatasi, batas aman 18g); protein 16.0g cukup tinggi membantu offset lemak","Konsumsi 1 porsi kecil (50–80g) per hari, tidak setiap hari."
218,Coto Mangkasara Kuda Masakan,96.0,6.8,5.9,3.8,BISA,lemak 5.9g (di bawah batas 10g),Boleh dikonsumsi normal. Tetap perhatikan total porsi harian.
219,Coto Mangkasara Sapi Masakan,84.0,6.0,6.0,1.4,BISA,lemak 6.0g (di bawah batas 10g),Boleh dikonsumsi normal. Tetap perhatikan total porsi harian.
220,Cue Selar Kuning,145.0,27.0,2.3,0.0,BISA,lemak 2.3g (di bawah batas 10g); protein 27.0g cukup tinggi membantu offset lemak,Boleh dikonsumsi normal. Tetap perhatikan total porsi harian.
221,Cuka,12.0,0.1,0.1,5.0,BISA,lemak 0.1g (di bawah batas 10g),Boleh dikonsumsi normal. Tetap perhatikan total porsi harian.
222,Cumi-Cumi Goreng,265.0,40.6,10.1,0.0,NETRAL,lemak 10.1g (zona netral 10–18g); protein 40.6g cukup tinggi membantu offset lemak,"Konsumsi 1 porsi kecil (50–80g) per hari, tidak setiap hari."
223,Cumi-Cumi Segar,75.0,16.1,0.7,0.1,BISA,lemak 0.7g (di bawah batas 10g); protein 16.1g cukup tinggi membantu offset lemak,Boleh dikonsumsi normal. Tetap perhatikan total porsi harian.
224,Daging Anak Sapi,190.0,19.1,12.0,0.0,NETRAL,lemak 12.0g (zona netral 10–18g); protein 19.1g cukup tinggi membantu offset lemak,"Konsumsi 1 porsi kecil (50–80g) per hari, tidak setiap hari."
225,Daging Asap,191.0,32.0,6.0,0.0,BISA,lemak 6.0g (di bawah batas 10g); protein 32.0g cukup tinggi membantu offset lemak,Boleh dikonsumsi normal. Tetap perhatikan total porsi harian.
226,Daging Babi Gemuk,457.0,11.6,45.0,0.0,TIDAK_BISA,lemak 45.0g (melebihi batas 25g); kalori 457.0 kkal cukup tinggi untuk kondisi ini,Hindari. Konsultasikan dengan ahli gizi untuk alternatif.
227,Daging Babi Kurus,376.0,14.1,35.0,0.0,TIDAK_BISA,lemak 35.0g (melebihi batas 25g),Hindari. Konsultasikan dengan ahli gizi untuk alternatif.
228,Daging Domba,206.0,17.1,14.8,0.0,NETRAL,lemak 14.8g (zona netral 10–18g); protein 17.1g cukup tinggi membantu offset lemak,"Konsumsi 1 porsi kecil (50–80g) per hari, tidak setiap hari."
229,Daging Kambing,154.0,16.6,9.2,0.0,BISA,lemak 9.2g (di bawah batas 10g); protein 16.6g cukup tinggi membantu offset lemak,Boleh dikonsumsi normal. Tetap perhatikan total porsi harian.
230,Daging Kerbau,84.0,18.7,0.5,0.0,BISA,lemak 0.5g (di bawah batas 10g); protein 18.7g cukup tinggi membantu offset lemak,Boleh dikonsumsi normal. Tetap perhatikan total porsi harian.
231,Daging Kuda,118.0,18.1,4.1,0.9,BISA,lemak 4.1g (di bawah batas 10g); protein 18.1g cukup tinggi membantu offset lemak,Boleh dikonsumsi normal. Tetap perhatikan total porsi harian.
232,Daging Sapi,207.0,18.8,14.0,0.0,NETRAL,lemak 14.0g (zona netral 10–18g); protein 18.8g cukup tinggi membantu offset lemak,"Konsumsi 1 porsi kecil (50–80g) per hari, tidak setiap hari."
233,Daun Bangun-Bangun Segar,27.0,1.3,0.6,4.0,BISA,lemak 0.6g (di bawah batas 10g),Boleh dikonsumsi normal. Tetap perhatikan total porsi harian.
234,Daun Bawang,29.0,1.8,0.7,5.2,BISA,lemak 0.7g (di bawah batas 10g),Boleh dikonsumsi normal. Tetap perhatikan total porsi harian.
235,Daun Bawang  Merah Segar,41.0,2.0,0.3,7.8,BISA,lemak 0.3g (di bawah batas 10g),Boleh dikonsumsi normal. Tetap perhatikan total porsi harian.
236,Daun Bebuas Segar,41.0,2.7,1.0,7.3,BISA,lemak 1.0g (di bawah batas 10g),Boleh dikonsumsi normal. Tetap perhatikan total porsi harian.
237,Daun Belem Segar,50.0,4.4,1.4,7.8,BISA,lemak 1.4g (di bawah batas 10g),Boleh dikonsumsi normal. Tetap perhatikan total porsi harian.
238,Daun Beluntas,42.0,1.8,0.5,9.4,BISA,lemak 0.5g (di bawah batas 10g),Boleh dikonsumsi normal. Tetap perhatikan total porsi harian.
239,Daun Cincau,122.0,6.0,1.0,26.0,BISA,lemak 1.0g (di bawah batas 10g),Boleh dikonsumsi normal. Tetap perhatikan total porsi harian.
240,Daun Gandaria,60.0,3.1,0.3,14.0,BISA,lemak 0.3g (di bawah batas 10g),Boleh dikonsumsi normal. Tetap perhatikan total porsi harian.
241,Daun Gedi Besar Segar,58.0,2.9,0.7,10.0,BISA,lemak 0.7g (di bawah batas 10g),Boleh dikonsumsi normal. Tetap perhatikan total porsi harian.
242,Daun Gelang Segar,30.0,1.3,0.7,5.8,BISA,lemak 0.7g (di bawah batas 10g),Boleh dikonsumsi normal. Tetap perhatikan total porsi harian.
243,Daun Gunda Bali Segar,50.0,4.6,0.9,7.0,BISA,lemak 0.9g (di bawah batas 10g),Boleh dikonsumsi normal. Tetap perhatikan total porsi harian.
244,Daun Gunda Serang Segar,62.0,4.2,0.9,9.2,BISA,lemak 0.9g (di bawah batas 10g),Boleh dikonsumsi normal. Tetap perhatikan total porsi harian.
245,Daun Jambu Mete Muda,73.0,4.6,0.5,16.2,BISA,lemak 0.5g (di bawah batas 10g),Boleh dikonsumsi normal. Tetap perhatikan total porsi harian.
246,Daun Jampang Segar,34.0,3.8,0.5,5.3,BISA,lemak 0.5g (di bawah batas 10g),Boleh dikonsumsi normal. Tetap perhatikan total porsi harian.
247,Daun Jawaw Seluang Segar,93.0,5.0,1.3,15.3,BISA,lemak 1.3g (di bawah batas 10g),Boleh dikonsumsi normal. Tetap perhatikan total porsi harian.
248,Daun Jonghe Segar,27.0,2.1,0.7,4.4,BISA,lemak 0.7g (di bawah batas 10g),Boleh dikonsumsi normal. Tetap perhatikan total porsi harian.
249,Daun Kacang Ma Segar,36.0,2.9,0.6,6.8,BISA,lemak 0.6g (di bawah batas 10g),Boleh dikonsumsi normal. Tetap perhatikan total porsi harian.
250,Daun Kacang Panjang,34.0,4.1,0.4,5.8,BISA,lemak 0.4g (di bawah batas 10g),Boleh dikonsumsi normal. Tetap perhatikan total porsi harian.
251,Daun Kacang Panjang Kukus,40.0,3.7,0.3,8.0,BISA,lemak 0.3g (di bawah batas 10g),Boleh dikonsumsi normal. Tetap perhatikan total porsi harian.
252,Daun Kacang Panjang Segar,30.0,3.1,0.3,5.8,BISA,lemak 0.3g (di bawah batas 10g),Boleh dikonsumsi normal. Tetap perhatikan total porsi harian.
253,Daun Kasbi/Singkong Karet Segar,92.0,4.0,3.6,10.9,BISA,lemak 3.6g (di bawah batas 10g),Boleh dikonsumsi normal. Tetap perhatikan total porsi harian.
254,Daun Katuk,59.0,4.8,1.0,11.0,BISA,lemak 1.0g (di bawah batas 10g),Boleh dikonsumsi normal. Tetap perhatikan total porsi harian.
255,Daun Katuk Rebus,53.0,5.3,0.9,9.1,BISA,lemak 0.9g (di bawah batas 10g),Boleh dikonsumsi normal. Tetap perhatikan total porsi harian.
256,Daun Katuk Segar,59.0,6.4,1.0,9.9,BISA,lemak 1.0g (di bawah batas 10g),Boleh dikonsumsi normal. Tetap perhatikan total porsi harian.
257,Daun Kecipir,47.0,5.0,0.5,8.5,BISA,lemak 0.5g (di bawah batas 10g),Boleh dikonsumsi normal. Tetap perhatikan total porsi harian.
258,Daun Kedondong,59.0,2.8,0.3,13.4,BISA,lemak 0.3g (di bawah batas 10g),Boleh dikonsumsi normal. Tetap perhatikan total porsi harian.
259,Daun Kelor,82.0,6.7,1.7,14.3,BISA,lemak 1.7g (di bawah batas 10g),Boleh dikonsumsi normal. Tetap perhatikan total porsi harian.
260,Daun Kelor Rebus,61.0,6.1,0.9,10.0,BISA,lemak 0.9g (di bawah batas 10g),Boleh dikonsumsi normal. Tetap perhatikan total porsi harian.
261,Daun Kemangi,46.0,4.0,0.5,8.9,BISA,lemak 0.5g (di bawah batas 10g),Boleh dikonsumsi normal. Tetap perhatikan total porsi harian.
262,Daun Kenikir Segar,45.0,3.7,0.5,6.6,BISA,lemak 0.5g (di bawah batas 10g),Boleh dikonsumsi normal. Tetap perhatikan total porsi harian.
263,Daun Kesum Segar,48.0,4.5,0.8,9.1,BISA,lemak 0.8g (di bawah batas 10g),Boleh dikonsumsi normal. Tetap perhatikan total porsi harian.
264,Daun Kol Sawi Segar,22.0,2.1,0.5,3.6,BISA,lemak 0.5g (di bawah batas 10g),Boleh dikonsumsi normal. Tetap perhatikan total porsi harian.
265,Daun Koro,23.0,3.0,0.3,3.7,BISA,lemak 0.3g (di bawah batas 10g),Boleh dikonsumsi normal. Tetap perhatikan total porsi harian.
266,Daun Kubis Segar,51.0,2.5,1.1,8.0,BISA,lemak 1.1g (di bawah batas 10g),Boleh dikonsumsi normal. Tetap perhatikan total porsi harian.
267,Daun Kumak,14.0,1.3,0.3,2.3,BISA,lemak 0.3g (di bawah batas 10g),Boleh dikonsumsi normal. Tetap perhatikan total porsi harian.
268,Daun Labu Siam,60.0,4.0,0.4,4.7,BISA,lemak 0.4g (di bawah batas 10g),Boleh dikonsumsi normal. Tetap perhatikan total porsi harian.
269,Daun Labu Waluh,30.0,3.6,0.6,4.5,BISA,lemak 0.6g (di bawah batas 10g),Boleh dikonsumsi normal. Tetap perhatikan total porsi harian.
270,Daun Lamtoro Segar,87.0,8.3,1.8,14.4,BISA,lemak 1.8g (di bawah batas 10g),Boleh dikonsumsi normal. Tetap perhatikan total porsi harian.
271,Daun Leilem Segar,76.0,2.8,0.2,15.8,BISA,lemak 0.2g (di bawah batas 10g),Boleh dikonsumsi normal. Tetap perhatikan total porsi harian.
272,Daun Leunca,45.0,4.7,0.5,8.1,BISA,lemak 0.5g (di bawah batas 10g),Boleh dikonsumsi normal. Tetap perhatikan total porsi harian.
273,Daun Lobak,30.0,2.3,0.4,5.8,BISA,lemak 0.4g (di bawah batas 10g),Boleh dikonsumsi normal. Tetap perhatikan total porsi harian.
274,Daun Lompong Tales,40.0,3.0,0.8,7.4,BISA,lemak 0.8g (di bawah batas 10g),Boleh dikonsumsi normal. Tetap perhatikan total porsi harian.
275,Daun Mangkokan,54.0,3.7,0.3,11.8,BISA,lemak 0.3g (di bawah batas 10g),Boleh dikonsumsi normal. Tetap perhatikan total porsi harian.
276,Daun Matel Ambon Segar,71.0,6.8,1.6,11.5,BISA,lemak 1.6g (di bawah batas 10g),Boleh dikonsumsi normal. Tetap perhatikan total porsi harian.
277,Daun Melinjo,99.0,5.0,1.3,21.3,BISA,lemak 1.3g (di bawah batas 10g),Boleh dikonsumsi normal. Tetap perhatikan total porsi harian.
278,Daun Mengkudu Kukus,63.0,3.8,1.5,11.5,BISA,lemak 1.5g (di bawah batas 10g),Boleh dikonsumsi normal. Tetap perhatikan total porsi harian.
279,Daun Ndusuk Segar,166.0,1.7,0.5,38.8,BISA,lemak 0.5g (di bawah batas 10g),Boleh dikonsumsi normal. Tetap perhatikan total porsi harian.
280,Daun Oyong,22.0,1.0,0.1,5.3,BISA,lemak 0.1g (di bawah batas 10g),Boleh dikonsumsi normal. Tetap perhatikan total porsi harian.
281,Daun Oyong Segar,22.0,1.0,0.1,5.3,BISA,lemak 0.1g (di bawah batas 10g),Boleh dikonsumsi normal. Tetap perhatikan total porsi harian.
282,Daun Pakis,35.0,4.0,0.3,6.4,BISA,lemak 0.3g (di bawah batas 10g),Boleh dikonsumsi normal. Tetap perhatikan total porsi harian.
283,Daun Pakis Longgiho Segar,54.0,2.2,3.6,3.1,BISA,lemak 3.6g (di bawah batas 10g),Boleh dikonsumsi normal. Tetap perhatikan total porsi harian.
284,Daun Pakis Segar,39.0,4.5,0.4,6.9,BISA,lemak 0.4g (di bawah batas 10g),Boleh dikonsumsi normal. Tetap perhatikan total porsi harian.
285,Daun Pakis Wambateu Segar,53.0,3.4,1.2,7.2,BISA,lemak 1.2g (di bawah batas 10g),Boleh dikonsumsi normal. Tetap perhatikan total porsi harian.
286,Daun Paku Segar,29.0,3.4,0.1,6.5,BISA,lemak 0.1g (di bawah batas 10g),Boleh dikonsumsi normal. Tetap perhatikan total porsi harian.
287,Daun Pangisegar,104.0,3.9,0.6,17.9,BISA,lemak 0.6g (di bawah batas 10g),Boleh dikonsumsi normal. Tetap perhatikan total porsi harian.
288,Daun Pare Segar,49.0,2.7,1.0,8.4,BISA,lemak 1.0g (di bawah batas 10g),Boleh dikonsumsi normal. Tetap perhatikan total porsi harian.
289,Daun Pepaya Segar,87.0,8.0,2.0,11.9,BISA,lemak 2.0g (di bawah batas 10g),Boleh dikonsumsi normal. Tetap perhatikan total porsi harian.
290,Daun Pete Cina,128.0,12.0,6.5,12.4,BISA,lemak 6.5g (di bawah batas 10g),Boleh dikonsumsi normal. Tetap perhatikan total porsi harian.
291,Daun Poh-Pohan,37.0,2.5,0.8,6.9,BISA,lemak 0.8g (di bawah batas 10g),Boleh dikonsumsi normal. Tetap perhatikan total porsi harian.
292,Daun Salam  Bubuk,301.0,14.2,10.9,49.0,NETRAL,lemak 10.9g (zona netral 10–18g),"Konsumsi 1 porsi kecil (50–80g) per hari, tidak setiap hari."
293,Daun Selasih Segar,62.0,4.0,0.5,10.5,BISA,lemak 0.5g (di bawah batas 10g),Boleh dikonsumsi normal. Tetap perhatikan total porsi harian.
294,Daun Semanggi,45.0,4.4,8.0,0.5,BISA,lemak 8.0g (di bawah batas 10g),Boleh dikonsumsi normal. Tetap perhatikan total porsi harian.
295,Daun Semanggi Segar,45.0,4.4,0.5,8.5,BISA,lemak 0.5g (di bawah batas 10g),Boleh dikonsumsi normal. Tetap perhatikan total porsi harian.
296,Daun Simpur Segar,53.0,3.2,2.5,7.6,BISA,lemak 2.5g (di bawah batas 10g),Boleh dikonsumsi normal. Tetap perhatikan total porsi harian.
297,Daun Singkil Segar,68.0,2.0,1.0,15.2,BISA,lemak 1.0g (di bawah batas 10g),Boleh dikonsumsi normal. Tetap perhatikan total porsi harian.
298,Daun Singkong,73.0,6.8,1.2,13.0,BISA,lemak 1.2g (di bawah batas 10g),Boleh dikonsumsi normal. Tetap perhatikan total porsi harian.
299,Daun Singkong Ambon Segar,144.0,12.7,1.2,25.2,BISA,lemak 1.2g (di bawah batas 10g),Boleh dikonsumsi normal. Tetap perhatikan total porsi harian.
300,Daun Singkong Ampenan Segar,50.0,6.2,1.1,7.1,BISA,lemak 1.1g (di bawah batas 10g),Boleh dikonsumsi normal. Tetap perhatikan total porsi harian.
301,Daun Singkong Kopang Segar,74.0,6.3,0.7,10.7,BISA,lemak 0.7g (di bawah batas 10g),Boleh dikonsumsi normal. Tetap perhatikan total porsi harian.
302,Daun Singkong Lodeh,55.0,4.0,0.5,8.5,BISA,lemak 0.5g (di bawah batas 10g),Boleh dikonsumsi normal. Tetap perhatikan total porsi harian.
303,Daun Singkong Rebus,31.0,3.7,0.6,4.8,BISA,lemak 0.6g (di bawah batas 10g),Boleh dikonsumsi normal. Tetap perhatikan total porsi harian.
304,Daun Singkong Segar,50.0,6.2,1.1,7.1,BISA,lemak 1.1g (di bawah batas 10g),Boleh dikonsumsi normal. Tetap perhatikan total porsi harian.
305,Daun Sintrong,36.0,2.6,0.9,6.1,BISA,lemak 0.9g (di bawah batas 10g),Boleh dikonsumsi normal. Tetap perhatikan total porsi harian.
306,Daun Talas Rebus,27.0,1.3,0.2,5.9,BISA,lemak 0.2g (di bawah batas 10g),Boleh dikonsumsi normal. Tetap perhatikan total porsi harian.
307,Daun Talas Segar,59.0,3.0,0.4,13.5,BISA,lemak 0.4g (di bawah batas 10g),Boleh dikonsumsi normal. Tetap perhatikan total porsi harian.
308,Daun Tales,71.0,4.1,2.1,12.3,BISA,lemak 2.1g (di bawah batas 10g),Boleh dikonsumsi normal. Tetap perhatikan total porsi harian.
309,Daun Tales Rebus,27.0,1.3,0.2,5.9,BISA,lemak 0.2g (di bawah batas 10g),Boleh dikonsumsi normal. Tetap perhatikan total porsi harian.
310,Daun Tespong Segar,70.0,2.9,0.3,13.9,BISA,lemak 0.3g (di bawah batas 10g),Boleh dikonsumsi normal. Tetap perhatikan total porsi harian.
311,Daun Ubi Jalar,47.0,2.8,0.4,10.4,BISA,lemak 0.4g (di bawah batas 10g),Boleh dikonsumsi normal. Tetap perhatikan total porsi harian.
312,Daun Ubi Jalar Kukus,56.0,3.1,0.3,13.0,BISA,lemak 0.3g (di bawah batas 10g),Boleh dikonsumsi normal. Tetap perhatikan total porsi harian.
313,Daun Ubi Kuning Segar,62.0,3.7,0.3,11.1,BISA,lemak 0.3g (di bawah batas 10g),Boleh dikonsumsi normal. Tetap perhatikan total porsi harian.
314,Daun Ubi Merah Kukus,56.0,3.1,0.3,13.0,BISA,lemak 0.3g (di bawah batas 10g),Boleh dikonsumsi normal. Tetap perhatikan total porsi harian.
315,Daun Ubi Merah Segar,48.0,3.0,0.3,10.8,BISA,lemak 0.3g (di bawah batas 10g),Boleh dikonsumsi normal. Tetap perhatikan total porsi harian.
316,Daun Ubi Putih Segar,46.0,2.8,0.2,8.2,BISA,lemak 0.2g (di bawah batas 10g),Boleh dikonsumsi normal. Tetap perhatikan total porsi harian.
317,Daun Ubi Tinta Segar,55.0,1.7,0.1,11.9,BISA,lemak 0.1g (di bawah batas 10g),Boleh dikonsumsi normal. Tetap perhatikan total porsi harian.
318,Deblo,260.0,2.0,15.0,53.0,NETRAL,lemak 15.0g (zona netral 10–18g),"Konsumsi 1 porsi kecil (50–80g) per hari, tidak setiap hari."
319,Dendeng Belut Goreng,382.0,55.7,14.1,8.0,NETRAL,lemak 14.1g (zona netral 10–18g); protein 55.7g cukup tinggi membantu offset lemak,"Konsumsi 1 porsi kecil (50–80g) per hari, tidak setiap hari."
320,Dendeng Daging Sapi,433.0,55.0,9.0,0.0,NETRAL,lemak 9.0g (di bawah batas 10g); kalori 433.0 kkal cukup tinggi untuk kondisi ini; protein 55.0g cukup tinggi membantu offset lemak,"Konsumsi 1 porsi kecil (50–80g) per hari, tidak setiap hari."
321,Dendeng Mujahir Goreng,598.0,74.3,26.9,9.2,TIDAK_BISA,lemak 26.9g (melebihi batas 25g); kalori 598.0 kkal cukup tinggi untuk kondisi ini,Hindari. Konsultasikan dengan ahli gizi untuk alternatif.
322,Dideh Darah Ayam,77.0,13.8,1.9,0.7,BISA,lemak 1.9g (di bawah batas 10g),Boleh dikonsumsi normal. Tetap perhatikan total porsi harian.
323,Dideh Darah Sapi,104.0,21.9,1.1,0.0,BISA,lemak 1.1g (di bawah batas 10g); protein 21.9g cukup tinggi membantu offset lemak,Boleh dikonsumsi normal. Tetap perhatikan total porsi harian.
324,Djibokum Masakan,248.0,10.0,2.3,40.9,BISA,lemak 2.3g (di bawah batas 10g),Boleh dikonsumsi normal. Tetap perhatikan total porsi harian.
325,Dodol,395.0,3.0,5.7,81.2,BISA,lemak 5.7g (di bawah batas 10g),Boleh dikonsumsi normal. Tetap perhatikan total porsi harian.
326,Dodol Bali,298.0,3.7,2.1,65.9,BISA,lemak 2.1g (di bawah batas 10g),Boleh dikonsumsi normal. Tetap perhatikan total porsi harian.
327,Dodol Banjarmasin,368.0,2.6,8.6,70.0,BISA,lemak 8.6g (di bawah batas 10g),Boleh dikonsumsi normal. Tetap perhatikan total porsi harian.
328,Dodol Galamai,348.0,0.4,3.8,76.1,BISA,lemak 3.8g (di bawah batas 10g),Boleh dikonsumsi normal. Tetap perhatikan total porsi harian.
329,Dodol Kedondong,331.0,1.9,7.6,63.8,BISA,lemak 7.6g (di bawah batas 10g),Boleh dikonsumsi normal. Tetap perhatikan total porsi harian.
330,Dodol Manado,373.0,4.3,16.5,51.9,NETRAL,lemak 16.5g (zona netral 10–18g),"Konsumsi 1 porsi kecil (50–80g) per hari, tidak setiap hari."
331,Dodonkol,17.5,3.3,2.3,39.5,BISA,lemak 2.3g (di bawah batas 10g),Boleh dikonsumsi normal. Tetap perhatikan total porsi harian.
332,Domba Daging Gemuk Segar,317.0,15.7,27.7,0.0,TIDAK_BISA,lemak 27.7g (melebihi batas 25g),Hindari. Konsultasikan dengan ahli gizi untuk alternatif.
333,Domba Daging Kurus  Segar,202.0,17.1,14.8,0.0,NETRAL,lemak 14.8g (zona netral 10–18g); protein 17.1g cukup tinggi membantu offset lemak,"Konsumsi 1 porsi kecil (50–80g) per hari, tidak setiap hari."
334,Domba Ginjal Segar,100.0,16.6,3.3,1.0,BISA,lemak 3.3g (di bawah batas 10g); protein 16.6g cukup tinggi membantu offset lemak,Boleh dikonsumsi normal. Tetap perhatikan total porsi harian.
335,Duku,63.0,1.0,0.2,16.1,BISA,lemak 0.2g (di bawah batas 10g),Boleh dikonsumsi normal. Tetap perhatikan total porsi harian.
336,Durian,134.0,2.5,3.0,28.0,BISA,lemak 3.0g (di bawah batas 10g),Boleh dikonsumsi normal. Tetap perhatikan total porsi harian.
337,Duwet Segar,80.0,0.5,0.6,18.2,BISA,lemak 0.6g (di bawah batas 10g),Boleh dikonsumsi normal. Tetap perhatikan total porsi harian.
338,Eceng Gondok,18.0,1.0,0.2,3.8,BISA,lemak 0.2g (di bawah batas 10g),Boleh dikonsumsi normal. Tetap perhatikan total porsi harian.
339,Embacang,98.0,1.4,0.2,25.4,BISA,lemak 0.2g (di bawah batas 10g),Boleh dikonsumsi normal. Tetap perhatikan total porsi harian.
340,Empal (Daging) Goreng Masakan,248.0,36.2,6.9,10.1,BISA,lemak 6.9g (di bawah batas 10g); protein 36.2g cukup tinggi membantu offset lemak,Boleh dikonsumsi normal. Tetap perhatikan total porsi harian.
341,Empal Goreng,590.0,18.5,57.0,0.0,TIDAK_BISA,lemak 57.0g (melebihi batas 25g); kalori 590.0 kkal cukup tinggi untuk kondisi ini,Hindari. Konsultasikan dengan ahli gizi untuk alternatif.
342,Emping (Kerupuk Melinjo),345.0,12.0,1.5,71.5,BISA,lemak 1.5g (di bawah batas 10g),Boleh dikonsumsi normal. Tetap perhatikan total porsi harian.
343,Emping Beras,403.0,10.6,2.2,85.3,NETRAL,lemak 2.2g (di bawah batas 10g); kalori 403.0 kkal cukup tinggi untuk kondisi ini,"Konsumsi 1 porsi kecil (50–80g) per hari, tidak setiap hari."
344,Emping Komak,355.0,17.8,4.6,60.7,BISA,lemak 4.6g (di bawah batas 10g); protein 17.8g cukup tinggi membantu offset lemak,Boleh dikonsumsi normal. Tetap perhatikan total porsi harian.
345,Encung Asam Segar,122.0,3.5,4.5,17.5,BISA,lemak 4.5g (di bawah batas 10g),Boleh dikonsumsi normal. Tetap perhatikan total porsi harian.
346,Enting-Enting Gepuk Hello Kity,538.0,13.6,30.3,52.6,TIDAK_BISA,lemak 30.3g (melebihi batas 25g); kalori 538.0 kkal cukup tinggi untuk kondisi ini,Hindari. Konsultasikan dengan ahli gizi untuk alternatif.
347,Enting-Enting Gepuk Kacang Tanah,524.0,13.3,29.2,52.0,TIDAK_BISA,lemak 29.2g (melebihi batas 25g); kalori 524.0 kkal cukup tinggi untuk kondisi ini,Hindari. Konsultasikan dengan ahli gizi untuk alternatif.
348,Enting-Enting Wijen,565.0,18.2,38.4,36.8,TIDAK_BISA,lemak 38.4g (melebihi batas 25g); kalori 565.0 kkal cukup tinggi untuk kondisi ini,Hindari. Konsultasikan dengan ahli gizi untuk alternatif.
349,Erbis,70.0,0.6,0.0,18.9,BISA,lemak 0.0g (di bawah batas 10g),Boleh dikonsumsi normal. Tetap perhatikan total porsi harian.
350,Es Krim,210.0,4.0,12.5,20.6,NETRAL,lemak 12.5g (zona netral 10–18g),"Konsumsi 1 porsi kecil (50–80g) per hari, tidak setiap hari."
351,Es Krim (Coconut Milk),156.7,3.0,1.7,32.7,BISA,lemak 1.7g (di bawah batas 10g),Boleh dikonsumsi normal. Tetap perhatikan total porsi harian.
352,Es Mambo,152.0,0.0,0.0,37.6,BISA,lemak 0.0g (di bawah batas 10g),Boleh dikonsumsi normal. Tetap perhatikan total porsi harian.
353,Es Sirup,44.8,0.0,0.0,11.3,BISA,lemak 0.0g (di bawah batas 10g),Boleh dikonsumsi normal. Tetap perhatikan total porsi harian.
354,Fillet O-Fish,270.0,12.3,15.9,19.3,NETRAL,lemak 15.9g (zona netral 10–18g),"Konsumsi 1 porsi kecil (50–80g) per hari, tidak setiap hari."
355,Gadeng/Gadung Kering,322.0,2.4,0.6,76.6,BISA,lemak 0.6g (di bawah batas 10g),Boleh dikonsumsi normal. Tetap perhatikan total porsi harian.
356,Gado-Gado,137.0,6.1,3.2,21.0,BISA,lemak 3.2g (di bawah batas 10g),Boleh dikonsumsi normal. Tetap perhatikan total porsi harian.
357,Gadung Kukus,88.0,0.8,0.3,20.9,BISA,lemak 0.3g (di bawah batas 10g),Boleh dikonsumsi normal. Tetap perhatikan total porsi harian.
358,Gadung Mentah,101.0,2.1,0.2,23.2,BISA,lemak 0.2g (di bawah batas 10g),Boleh dikonsumsi normal. Tetap perhatikan total porsi harian.
359,Gadung Ubi Kukus,88.0,0.6,0.3,20.9,BISA,lemak 0.3g (di bawah batas 10g),Boleh dikonsumsi normal. Tetap perhatikan total porsi harian.
360,Gadung Ubi Segar,100.0,0.9,0.3,23.5,BISA,lemak 0.3g (di bawah batas 10g),Boleh dikonsumsi normal. Tetap perhatikan total porsi harian.
361,Gambas (Oyong),18.0,0.8,0.2,4.1,BISA,lemak 0.2g (di bawah batas 10g),Boleh dikonsumsi normal. Tetap perhatikan total porsi harian.
362,Gambas Lodeh,13.0,0.3,0.6,1.6,BISA,lemak 0.6g (di bawah batas 10g),Boleh dikonsumsi normal. Tetap perhatikan total porsi harian.
363,Gandaria,68.0,0.7,0.1,18.0,BISA,lemak 0.1g (di bawah batas 10g),Boleh dikonsumsi normal. Tetap perhatikan total porsi harian.
364,Ganyong Kukus,100.0,0.8,0.2,23.8,BISA,lemak 0.2g (di bawah batas 10g),Boleh dikonsumsi normal. Tetap perhatikan total porsi harian.
365,Ganyong Mentah,95.0,1.0,0.1,22.6,BISA,lemak 0.1g (di bawah batas 10g),Boleh dikonsumsi normal. Tetap perhatikan total porsi harian.
366,Ganyong Rebus,100.0,0.8,0.2,23.8,BISA,lemak 0.2g (di bawah batas 10g),Boleh dikonsumsi normal. Tetap perhatikan total porsi harian.
367,Ganyong Segar,77.0,0.6,0.2,18.4,BISA,lemak 0.2g (di bawah batas 10g),Boleh dikonsumsi normal. Tetap perhatikan total porsi harian.
368,Gaplek,338.0,1.5,0.7,81.3,BISA,lemak 0.7g (di bawah batas 10g),Boleh dikonsumsi normal. Tetap perhatikan total porsi harian.
369,Gatep Segar,191.0,4.5,1.5,39.7,BISA,lemak 1.5g (di bawah batas 10g),Boleh dikonsumsi normal. Tetap perhatikan total porsi harian.
370,Gatot,347.0,1.3,0.7,83.8,BISA,lemak 0.7g (di bawah batas 10g),Boleh dikonsumsi normal. Tetap perhatikan total porsi harian.
371,Geblek,195.0,0.4,1.7,44.4,BISA,lemak 1.7g (di bawah batas 10g),Boleh dikonsumsi normal. Tetap perhatikan total porsi harian.
372,Gelatine,389.0,0.0,0.0,91.0,BISA,lemak 0.0g (di bawah batas 10g),Boleh dikonsumsi normal. Tetap perhatikan total porsi harian.
373,Gembili,95.0,1.5,0.1,22.4,BISA,lemak 0.1g (di bawah batas 10g),Boleh dikonsumsi normal. Tetap perhatikan total porsi harian.
374,Gembili Ubi Segar,131.0,1.1,0.2,31.3,BISA,lemak 0.2g (di bawah batas 10g),Boleh dikonsumsi normal. Tetap perhatikan total porsi harian.
375,Gemblong,274.0,1.7,5.4,55.5,BISA,lemak 5.4g (di bawah batas 10g),Boleh dikonsumsi normal. Tetap perhatikan total porsi harian.
376,Gendar Goreng,407.0,6.4,28.2,32.0,TIDAK_BISA,lemak 28.2g (melebihi batas 25g); kalori 407.0 kkal cukup tinggi untuk kondisi ini,Hindari. Konsultasikan dengan ahli gizi untuk alternatif.
377,Genjer Segar,35.0,1.7,0.2,7.7,BISA,lemak 0.2g (di bawah batas 10g),Boleh dikonsumsi normal. Tetap perhatikan total porsi harian.
378,Geplak,350.0,1.4,14.4,53.6,NETRAL,lemak 14.4g (zona netral 10–18g),"Konsumsi 1 porsi kecil (50–80g) per hari, tidak setiap hari."
379,Geplak Jahe,462.0,3.1,24.4,57.7,LIMIT,"lemak 24.4g (perlu dibatasi, batas aman 18g); kalori 462.0 kkal cukup tinggi untuk kondisi ini","Batasi 1-2x per minggu, porsi sangat kecil (≤50g). Pilih metode masak rendah minyak."
380,Gete Kuah Asam Masakan,75.0,8.2,2.0,6.0,BISA,lemak 2.0g (di bawah batas 10g),Boleh dikonsumsi normal. Tetap perhatikan total porsi harian.
381,Getuk Goreng,360.0,1.3,6.4,74.3,BISA,lemak 6.4g (di bawah batas 10g),Boleh dikonsumsi normal. Tetap perhatikan total porsi harian.
382,Getuk Lindri,171.4,4.0,4.0,32.0,BISA,lemak 4.0g (di bawah batas 10g),Boleh dikonsumsi normal. Tetap perhatikan total porsi harian.
383,Getuk Pisang,144.0,1.1,0.4,34.1,BISA,lemak 0.4g (di bawah batas 10g),Boleh dikonsumsi normal. Tetap perhatikan total porsi harian.
384,Getuk Singkong,204.0,0.5,1.4,47.4,BISA,lemak 1.4g (di bawah batas 10g),Boleh dikonsumsi normal. Tetap perhatikan total porsi harian.
385,Ginjal Babi,114.0,16.3,4.6,0.8,BISA,lemak 4.6g (di bawah batas 10g); protein 16.3g cukup tinggi membantu offset lemak,Boleh dikonsumsi normal. Tetap perhatikan total porsi harian.
386,Ginjal Domba,105.0,16.6,3.3,1.0,BISA,lemak 3.3g (di bawah batas 10g); protein 16.6g cukup tinggi membantu offset lemak,Boleh dikonsumsi normal. Tetap perhatikan total porsi harian.
387,Ginjal Sapi,141.0,15.0,8.1,0.9,BISA,lemak 8.1g (di bawah batas 10g); protein 15.0g cukup tinggi membantu offset lemak,Boleh dikonsumsi normal. Tetap perhatikan total porsi harian.
388,Gudeg,53.0,1.6,1.6,8.8,BISA,lemak 1.6g (di bawah batas 10g),Boleh dikonsumsi normal. Tetap perhatikan total porsi harian.
389,Gudeg Sayur,160.0,3.3,9.2,16.0,BISA,lemak 9.2g (di bawah batas 10g),Boleh dikonsumsi normal. Tetap perhatikan total porsi harian.
390,Gula Aren,368.0,0.0,0.0,95.0,BISA,lemak 0.0g (di bawah batas 10g),Boleh dikonsumsi normal. Tetap perhatikan total porsi harian.
391,Gula Kelapa,386.0,3.0,10.0,76.0,BISA,lemak 10.0g (di bawah batas 10g),Boleh dikonsumsi normal. Tetap perhatikan total porsi harian.
392,Gula Merah Tebu Belum Dimurnikan,356.0,0.4,0.5,90.6,BISA,lemak 0.5g (di bawah batas 10g),Boleh dikonsumsi normal. Tetap perhatikan total porsi harian.
393,Gula Putih,394.0,0.0,0.0,94.0,BISA,lemak 0.0g (di bawah batas 10g),Boleh dikonsumsi normal. Tetap perhatikan total porsi harian.
394,Gulai Asam Keueung Masakan,52.0,10.0,0.5,1.8,BISA,lemak 0.5g (di bawah batas 10g),Boleh dikonsumsi normal. Tetap perhatikan total porsi harian.
395,Gulai Ikan Masakan,106.0,16.5,3.3,2.5,BISA,lemak 3.3g (di bawah batas 10g); protein 16.5g cukup tinggi membantu offset lemak,Boleh dikonsumsi normal. Tetap perhatikan total porsi harian.
396,Gulai Ikan Paya Masakan,148.0,10.0,9.8,5.0,BISA,lemak 9.8g (di bawah batas 10g),Boleh dikonsumsi normal. Tetap perhatikan total porsi harian.
397,Gulai Kambing,126.0,4.2,9.4,6.2,BISA,lemak 9.4g (di bawah batas 10g),Boleh dikonsumsi normal. Tetap perhatikan total porsi harian.
398,Gulai Keumamah Masakan,110.0,5.9,8.2,3.2,BISA,lemak 8.2g (di bawah batas 10g),Boleh dikonsumsi normal. Tetap perhatikan total porsi harian.
399,Gulai Pakis,143.0,4.0,11.4,6.0,NETRAL,lemak 11.4g (zona netral 10–18g),"Konsumsi 1 porsi kecil (50–80g) per hari, tidak setiap hari."
400,Gulai Pliek,176.0,7.3,14.9,3.2,NETRAL,lemak 14.9g (zona netral 10–18g),"Konsumsi 1 porsi kecil (50–80g) per hari, tidak setiap hari."
401,Gulai Tiram Masakan,132.0,9.0,7.2,7.8,BISA,lemak 7.2g (di bawah batas 10g),Boleh dikonsumsi normal. Tetap perhatikan total porsi harian.
402,Gurame Asem Manis Masakan,192.0,12.7,10.1,12.7,NETRAL,lemak 10.1g (zona netral 10–18g),"Konsumsi 1 porsi kecil (50–80g) per hari, tidak setiap hari."
403,Gurandil,218.0,0.5,2.5,48.5,BISA,lemak 2.5g (di bawah batas 10g),Boleh dikonsumsi normal. Tetap perhatikan total porsi harian.
404,Ham,389.0,16.9,35.0,0.3,TIDAK_BISA,lemak 35.0g (melebihi batas 25g),Hindari. Konsultasikan dengan ahli gizi untuk alternatif.
405,Hangop,65.0,10.0,1.0,3.5,BISA,lemak 1.0g (di bawah batas 10g),Boleh dikonsumsi normal. Tetap perhatikan total porsi harian.
406,Hati Babi,134.0,19.7,4.8,1.7,BISA,lemak 4.8g (di bawah batas 10g); protein 19.7g cukup tinggi membantu offset lemak,Boleh dikonsumsi normal. Tetap perhatikan total porsi harian.
407,Hati Sapi,136.0,19.7,3.2,6.0,BISA,lemak 3.2g (di bawah batas 10g); protein 19.7g cukup tinggi membantu offset lemak,Boleh dikonsumsi normal. Tetap perhatikan total porsi harian.
408,Havermout,390.0,14.2,7.4,68.2,BISA,lemak 7.4g (di bawah batas 10g),Boleh dikonsumsi normal. Tetap perhatikan total porsi harian.
409,Hofa/Ubi Hutan Segar,127.0,1.2,0.5,29.5,BISA,lemak 0.5g (di bawah batas 10g),Boleh dikonsumsi normal. Tetap perhatikan total porsi harian.
410,Ikan Asar Merah Masakan,146.0,17.7,5.9,5.6,BISA,lemak 5.9g (di bawah batas 10g); protein 17.7g cukup tinggi membantu offset lemak,Boleh dikonsumsi normal. Tetap perhatikan total porsi harian.
411,Ikan Asin Bilis Goreng,380.0,33.6,27.5,0.0,TIDAK_BISA,lemak 27.5g (melebihi batas 25g),Hindari. Konsultasikan dengan ahli gizi untuk alternatif.
412,Ikan Asin Gabus Goreng,456.0,46.5,24.4,0.0,NETRAL,"lemak 24.4g (perlu dibatasi, batas aman 18g); kalori 456.0 kkal cukup tinggi untuk kondisi ini; protein 46.5g cukup tinggi membantu offset lemak","Konsumsi 1 porsi kecil (50–80g) per hari, tidak setiap hari."
413,Ikan Asin Japuh Goreng,348.0,18.7,29.5,0.0,TIDAK_BISA,lemak 29.5g (melebihi batas 25g),Hindari. Konsultasikan dengan ahli gizi untuk alternatif.
414,Ikan Asin Kering,193.0,42.0,1.5,0.0,BISA,lemak 1.5g (di bawah batas 10g); protein 42.0g cukup tinggi membantu offset lemak,Boleh dikonsumsi normal. Tetap perhatikan total porsi harian.
415,Ikan Asin Pari Goreng,430.0,58.2,23.6,0.0,NETRAL,"lemak 23.6g (perlu dibatasi, batas aman 18g); kalori 430.0 kkal cukup tinggi untuk kondisi ini; protein 58.2g cukup tinggi membantu offset lemak","Konsumsi 1 porsi kecil (50–80g) per hari, tidak setiap hari."
416,Ikan Asin Pepetek Goreng,652.0,40.4,54.3,0.0,TIDAK_BISA,lemak 54.3g (melebihi batas 25g); kalori 652.0 kkal cukup tinggi untuk kondisi ini,Hindari. Konsultasikan dengan ahli gizi untuk alternatif.
417,Ikan Asin Sirinding Goreng,319.0,6.9,31.7,0.0,TIDAK_BISA,lemak 31.7g (melebihi batas 25g),Hindari. Konsultasikan dengan ahli gizi untuk alternatif.
418,Ikan Asin Teri Goreng,430.0,33.4,32.4,0.0,TIDAK_BISA,lemak 32.4g (melebihi batas 25g); kalori 430.0 kkal cukup tinggi untuk kondisi ini,Hindari. Konsultasikan dengan ahli gizi untuk alternatif.
419,Ikan Bader (Tawes),198.0,19.0,13.0,0.0,NETRAL,lemak 13.0g (zona netral 10–18g); protein 19.0g cukup tinggi membantu offset lemak,"Konsumsi 1 porsi kecil (50–80g) per hari, tidak setiap hari."
420,Ikan Balong Segar,107.0,16.5,3.9,1.5,BISA,lemak 3.9g (di bawah batas 10g); protein 16.5g cukup tinggi membantu offset lemak,Boleh dikonsumsi normal. Tetap perhatikan total porsi harian.
421,Ikan Bambangan Segar,112.0,20.0,1.3,3.7,BISA,lemak 1.3g (di bawah batas 10g); protein 20.0g cukup tinggi membantu offset lemak,Boleh dikonsumsi normal. Tetap perhatikan total porsi harian.
422,Ikan Bandeng,129.0,20.0,4.8,0.0,BISA,lemak 4.8g (di bawah batas 10g); protein 20.0g cukup tinggi membantu offset lemak,Boleh dikonsumsi normal. Tetap perhatikan total porsi harian.
423,Ikan Bandeng Presto Masakan,296.0,17.1,20.3,11.3,NETRAL,"lemak 20.3g (perlu dibatasi, batas aman 18g); protein 17.1g cukup tinggi membantu offset lemak","Konsumsi 1 porsi kecil (50–80g) per hari, tidak setiap hari."
424,Ikan Banjar Segar,111.0,19.4,0.9,4.8,BISA,lemak 0.9g (di bawah batas 10g); protein 19.4g cukup tinggi membantu offset lemak,Boleh dikonsumsi normal. Tetap perhatikan total porsi harian.
425,Ikan Baronang Segar,78.0,14.5,0.6,3.7,BISA,lemak 0.6g (di bawah batas 10g),Boleh dikonsumsi normal. Tetap perhatikan total porsi harian.
426,Ikan Baung Bakar,144.0,17.8,5.8,5.2,BISA,lemak 5.8g (di bawah batas 10g); protein 17.8g cukup tinggi membantu offset lemak,Boleh dikonsumsi normal. Tetap perhatikan total porsi harian.
427,Ikan Baung Segar,123.0,15.1,5.5,3.3,BISA,lemak 5.5g (di bawah batas 10g); protein 15.1g cukup tinggi membantu offset lemak,Boleh dikonsumsi normal. Tetap perhatikan total porsi harian.
428,Ikan Bawal,96.0,19.0,1.7,0.0,BISA,lemak 1.7g (di bawah batas 10g); protein 19.0g cukup tinggi membantu offset lemak,Boleh dikonsumsi normal. Tetap perhatikan total porsi harian.
429,Ikan Bekasang,138.0,14.0,0.7,7.4,BISA,lemak 0.7g (di bawah batas 10g),Boleh dikonsumsi normal. Tetap perhatikan total porsi harian.
430,Ikan Belida Bakar,128.0,18.0,3.0,7.2,BISA,lemak 3.0g (di bawah batas 10g); protein 18.0g cukup tinggi membantu offset lemak,Boleh dikonsumsi normal. Tetap perhatikan total porsi harian.
431,Ikan Belida Segar,80.0,14.7,1.4,2.2,BISA,lemak 1.4g (di bawah batas 10g),Boleh dikonsumsi normal. Tetap perhatikan total porsi harian.
432,Ikan Belut Segar Goreng,417.0,25.9,19.4,32.0,NETRAL,"lemak 19.4g (perlu dibatasi, batas aman 18g); kalori 417.0 kkal cukup tinggi untuk kondisi ini; protein 25.9g cukup tinggi membantu offset lemak","Konsumsi 1 porsi kecil (50–80g) per hari, tidak setiap hari."
433,Ikan Belut Segar Mentah,82.0,6.7,1.0,10.9,BISA,lemak 1.0g (di bawah batas 10g),Boleh dikonsumsi normal. Tetap perhatikan total porsi harian.
434,Ikan Beunteur,66.0,14.0,0.0,0.0,BISA,lemak 0.0g (di bawah batas 10g),Boleh dikonsumsi normal. Tetap perhatikan total porsi harian.
435,Ikan Biawan Segar,90.0,14.9,2.5,2.1,BISA,lemak 2.5g (di bawah batas 10g),Boleh dikonsumsi normal. Tetap perhatikan total porsi harian.
436,Ikan Bili Segar,88.0,14.2,0.7,6.2,BISA,lemak 0.7g (di bawah batas 10g),Boleh dikonsumsi normal. Tetap perhatikan total porsi harian.
437,Ikan Bubara Segar,100.0,14.7,2.4,4.9,BISA,lemak 2.4g (di bawah batas 10g),Boleh dikonsumsi normal. Tetap perhatikan total porsi harian.
438,Ikan Bulan-Bulan Segar,134.0,25.5,1.3,5.0,BISA,lemak 1.3g (di bawah batas 10g); protein 25.5g cukup tinggi membantu offset lemak,Boleh dikonsumsi normal. Tetap perhatikan total porsi harian.
439,Ikan Cakalang Asap Mentah,204.0,34.2,5.6,1.9,BISA,lemak 5.6g (di bawah batas 10g); protein 34.2g cukup tinggi membantu offset lemak,Boleh dikonsumsi normal. Tetap perhatikan total porsi harian.
440,Ikan Cakalang Asin Mentah,198.0,36.5,2.2,5.5,BISA,lemak 2.2g (di bawah batas 10g); protein 36.5g cukup tinggi membantu offset lemak,Boleh dikonsumsi normal. Tetap perhatikan total porsi harian.
441,Ikan Cakalang Hati Segar,120.0,11.3,3.9,10.0,BISA,lemak 3.9g (di bawah batas 10g),Boleh dikonsumsi normal. Tetap perhatikan total porsi harian.
442,Ikan Cakalang Jantung Segar,116.0,11.2,1.2,10.2,BISA,lemak 1.2g (di bawah batas 10g),Boleh dikonsumsi normal. Tetap perhatikan total porsi harian.
443,Ikan Cakalang Perut Segar,86.0,10.2,1.1,8.7,BISA,lemak 1.1g (di bawah batas 10g),Boleh dikonsumsi normal. Tetap perhatikan total porsi harian.
444,Ikan Cakalang Segar,107.0,19.6,0.7,5.5,BISA,lemak 0.7g (di bawah batas 10g); protein 19.6g cukup tinggi membantu offset lemak,Boleh dikonsumsi normal. Tetap perhatikan total porsi harian.
445,Ikan Calo/ Peda Mentah,81.0,11.4,1.9,3.8,BISA,lemak 1.9g (di bawah batas 10g),Boleh dikonsumsi normal. Tetap perhatikan total porsi harian.
446,Ikan Daun Segar,101.0,11.5,4.1,4.6,BISA,lemak 4.1g (di bawah batas 10g),Boleh dikonsumsi normal. Tetap perhatikan total porsi harian.
447,Ikan Ekor Kuning,109.0,17.0,4.0,0.0,BISA,lemak 4.0g (di bawah batas 10g); protein 17.0g cukup tinggi membantu offset lemak,Boleh dikonsumsi normal. Tetap perhatikan total porsi harian.
448,Ikan Gabus Asap Mentah,261.0,38.1,2.3,21.9,BISA,lemak 2.3g (di bawah batas 10g); protein 38.1g cukup tinggi membantu offset lemak,Boleh dikonsumsi normal. Tetap perhatikan total porsi harian.
449,Ikan Gabus Kering,292.0,58.0,4.0,0.0,BISA,lemak 4.0g (di bawah batas 10g); protein 58.0g cukup tinggi membantu offset lemak,Boleh dikonsumsi normal. Tetap perhatikan total porsi harian.
450,Ikan Gabus Segar,74.0,25.2,1.7,0.0,BISA,lemak 1.7g (di bawah batas 10g); protein 25.2g cukup tinggi membantu offset lemak,Boleh dikonsumsi normal. Tetap perhatikan total porsi harian.
451,Ikan Gete Goreng,267.0,23.1,19.4,0.2,NETRAL,"lemak 19.4g (perlu dibatasi, batas aman 18g); protein 23.1g cukup tinggi membantu offset lemak","Konsumsi 1 porsi kecil (50–80g) per hari, tidak setiap hari."
452,Ikan Hitam Segar,101.0,10.3,3.7,6.7,BISA,lemak 3.7g (di bawah batas 10g),Boleh dikonsumsi normal. Tetap perhatikan total porsi harian.
453,Ikan Hiu Kering,298.0,46.3,3.6,20.2,BISA,lemak 3.6g (di bawah batas 10g); protein 46.3g cukup tinggi membantu offset lemak,Boleh dikonsumsi normal. Tetap perhatikan total porsi harian.
454,Ikan Hiu Segar,57.0,10.7,0.3,2.2,BISA,lemak 0.3g (di bawah batas 10g),Boleh dikonsumsi normal. Tetap perhatikan total porsi harian.
455,Ikan Kacangan Segar,77.0,15.6,0.9,1.6,BISA,lemak 0.9g (di bawah batas 10g); protein 15.6g cukup tinggi membantu offset lemak,Boleh dikonsumsi normal. Tetap perhatikan total porsi harian.
456,Ikan Kakap Segar,92.0,20.0,0.7,0.0,BISA,lemak 0.7g (di bawah batas 10g); protein 20.0g cukup tinggi membantu offset lemak,Boleh dikonsumsi normal. Tetap perhatikan total porsi harian.
457,Ikan Kakatua Segar,82.0,11.4,1.2,6.4,BISA,lemak 1.2g (di bawah batas 10g),Boleh dikonsumsi normal. Tetap perhatikan total porsi harian.
458,Ikan Kapar Segar,132.0,17.0,6.7,0.8,BISA,lemak 6.7g (di bawah batas 10g); protein 17.0g cukup tinggi membantu offset lemak,Boleh dikonsumsi normal. Tetap perhatikan total porsi harian.
459,Ikan Katombo Asin,162.0,31.7,2.8,0.3,BISA,lemak 2.8g (di bawah batas 10g); protein 31.7g cukup tinggi membantu offset lemak,Boleh dikonsumsi normal. Tetap perhatikan total porsi harian.
460,Ikan Kawalinya Segar,110.0,12.6,4.2,5.4,BISA,lemak 4.2g (di bawah batas 10g),Boleh dikonsumsi normal. Tetap perhatikan total porsi harian.
461,Ikan Kayu Kering,302.0,70.7,1.9,0.4,BISA,lemak 1.9g (di bawah batas 10g); protein 70.7g cukup tinggi membantu offset lemak,Boleh dikonsumsi normal. Tetap perhatikan total porsi harian.
462,Ikan Kembung,103.0,22.0,1.0,0.0,BISA,lemak 1.0g (di bawah batas 10g); protein 22.0g cukup tinggi membantu offset lemak,Boleh dikonsumsi normal. Tetap perhatikan total porsi harian.
463,Ikan Kima Segar,70.0,10.8,0.7,5.2,BISA,lemak 0.7g (di bawah batas 10g),Boleh dikonsumsi normal. Tetap perhatikan total porsi harian.
464,Ikan Lais Bakar,147.0,17.5,6.5,5.4,BISA,lemak 6.5g (di bawah batas 10g); protein 17.5g cukup tinggi membantu offset lemak,Boleh dikonsumsi normal. Tetap perhatikan total porsi harian.
465,Ikan Layang,109.0,22.0,1.7,0.0,BISA,lemak 1.7g (di bawah batas 10g); protein 22.0g cukup tinggi membantu offset lemak,Boleh dikonsumsi normal. Tetap perhatikan total porsi harian.
466,Ikan Layur Segar,82.0,18.0,1.0,0.4,BISA,lemak 1.0g (di bawah batas 10g); protein 18.0g cukup tinggi membantu offset lemak,Boleh dikonsumsi normal. Tetap perhatikan total porsi harian.
467,Ikan Lehoma Segar,90.0,20.4,0.9,0.0,BISA,lemak 0.9g (di bawah batas 10g); protein 20.4g cukup tinggi membantu offset lemak,Boleh dikonsumsi normal. Tetap perhatikan total porsi harian.
468,Ikan Lele Goreng,252.0,19.9,19.1,0.0,NETRAL,"lemak 19.1g (perlu dibatasi, batas aman 18g); protein 19.9g cukup tinggi membantu offset lemak","Konsumsi 1 porsi kecil (50–80g) per hari, tidak setiap hari."
469,Ikan Lemuru,112.0,20.0,3.0,0.0,BISA,lemak 3.0g (di bawah batas 10g); protein 20.0g cukup tinggi membantu offset lemak,Boleh dikonsumsi normal. Tetap perhatikan total porsi harian.
470,Ikan Lidah Segar,104.0,15.6,3.2,2.0,BISA,lemak 3.2g (di bawah batas 10g); protein 15.6g cukup tinggi membantu offset lemak,Boleh dikonsumsi normal. Tetap perhatikan total porsi harian.
471,Ikan Lomak Asin Mentah,258.0,40.3,2.3,18.9,BISA,lemak 2.3g (di bawah batas 10g); protein 40.3g cukup tinggi membantu offset lemak,Boleh dikonsumsi normal. Tetap perhatikan total porsi harian.
472,Ikan Malalugis Segar,99.0,20.6,1.4,0.9,BISA,lemak 1.4g (di bawah batas 10g); protein 20.6g cukup tinggi membantu offset lemak,Boleh dikonsumsi normal. Tetap perhatikan total porsi harian.
473,Ikan Mas,86.0,16.0,2.0,0.0,BISA,lemak 2.0g (di bawah batas 10g); protein 16.0g cukup tinggi membantu offset lemak,Boleh dikonsumsi normal. Tetap perhatikan total porsi harian.
474,Ikan Mas Goreng,188.0,19.3,12.2,0.0,NETRAL,lemak 12.2g (zona netral 10–18g); protein 19.3g cukup tinggi membantu offset lemak,"Konsumsi 1 porsi kecil (50–80g) per hari, tidak setiap hari."
475,Ikan Mas Pepes,209.0,15.2,11.3,11.8,NETRAL,lemak 11.3g (zona netral 10–18g); protein 15.2g cukup tinggi membantu offset lemak,"Konsumsi 1 porsi kecil (50–80g) per hari, tidak setiap hari."
476,Ikan Mayong Segar,97.0,17.9,2.0,0.4,BISA,lemak 2.0g (di bawah batas 10g); protein 17.9g cukup tinggi membantu offset lemak,Boleh dikonsumsi normal. Tetap perhatikan total porsi harian.
477,Ikan Mujair Dendeng Goreng,598.0,74.3,26.9,9.2,TIDAK_BISA,lemak 26.9g (melebihi batas 25g); kalori 598.0 kkal cukup tinggi untuk kondisi ini,Hindari. Konsultasikan dengan ahli gizi untuk alternatif.
478,Ikan Mujair Dendeng Mentah,582.0,68.3,15.2,37.2,NETRAL,lemak 15.2g (zona netral 10–18g); kalori 582.0 kkal cukup tinggi untuk kondisi ini; protein 68.3g cukup tinggi membantu offset lemak,"Konsumsi 1 porsi kecil (50–80g) per hari, tidak setiap hari."
479,Ikan Mujair Goreng,416.0,46.9,23.9,0.0,NETRAL,"lemak 23.9g (perlu dibatasi, batas aman 18g); kalori 416.0 kkal cukup tinggi untuk kondisi ini; protein 46.9g cukup tinggi membantu offset lemak","Konsumsi 1 porsi kecil (50–80g) per hari, tidak setiap hari."
480,Ikan Mujair Pepes,121.0,21.7,2.8,0.8,BISA,lemak 2.8g (di bawah batas 10g); protein 21.7g cukup tinggi membantu offset lemak,Boleh dikonsumsi normal. Tetap perhatikan total porsi harian.
481,Ikan Mujair Segar,89.0,18.7,1.0,0.0,BISA,lemak 1.0g (di bawah batas 10g); protein 18.7g cukup tinggi membantu offset lemak,Boleh dikonsumsi normal. Tetap perhatikan total porsi harian.
482,Ikan Nasu Metti Segar,154.0,16.8,5.0,10.5,BISA,lemak 5.0g (di bawah batas 10g); protein 16.8g cukup tinggi membantu offset lemak,Boleh dikonsumsi normal. Tetap perhatikan total porsi harian.
483,Ikan Oci Kembung Segar,125.0,21.3,3.4,2.2,BISA,lemak 3.4g (di bawah batas 10g); protein 21.3g cukup tinggi membantu offset lemak,Boleh dikonsumsi normal. Tetap perhatikan total porsi harian.
484,Ikan Papuyu Bakar,152.0,17.6,6.1,6.7,BISA,lemak 6.1g (di bawah batas 10g); protein 17.6g cukup tinggi membantu offset lemak,Boleh dikonsumsi normal. Tetap perhatikan total porsi harian.
485,Ikan Papuyu/ Betok Segar,120.0,14.3,4.9,4.6,BISA,lemak 4.9g (di bawah batas 10g),Boleh dikonsumsi normal. Tetap perhatikan total porsi harian.
486,Ikan Patin Bakar,144.0,17.5,6.3,4.3,BISA,lemak 6.3g (di bawah batas 10g); protein 17.5g cukup tinggi membantu offset lemak,Boleh dikonsumsi normal. Tetap perhatikan total porsi harian.
487,Ikan Patin Segar,132.0,17.0,6.6,1.1,BISA,lemak 6.6g (di bawah batas 10g); protein 17.0g cukup tinggi membantu offset lemak,Boleh dikonsumsi normal. Tetap perhatikan total porsi harian.
488,Ikan Peda Banjar Mentah,156.0,28.0,4.0,2.0,BISA,lemak 4.0g (di bawah batas 10g); protein 28.0g cukup tinggi membantu offset lemak,Boleh dikonsumsi normal. Tetap perhatikan total porsi harian.
489,Ikan Pepetek,176.0,32.0,4.4,0.0,BISA,lemak 4.4g (di bawah batas 10g); protein 32.0g cukup tinggi membantu offset lemak,Boleh dikonsumsi normal. Tetap perhatikan total porsi harian.
490,Ikan Pindang Banjar Mentah,157.0,28.0,4.2,1.8,BISA,lemak 4.2g (di bawah batas 10g); protein 28.0g cukup tinggi membantu offset lemak,Boleh dikonsumsi normal. Tetap perhatikan total porsi harian.
491,Ikan Pindang Benggol Mentah,170.0,31.0,4.2,0.0,BISA,lemak 4.2g (di bawah batas 10g); protein 31.0g cukup tinggi membantu offset lemak,Boleh dikonsumsi normal. Tetap perhatikan total porsi harian.
492,Ikan Pindang Layang Mentah,153.0,30.0,2.8,0.0,BISA,lemak 2.8g (di bawah batas 10g); protein 30.0g cukup tinggi membantu offset lemak,Boleh dikonsumsi normal. Tetap perhatikan total porsi harian.
493,Ikan Pindang Selar Mentah,142.0,27.0,3.0,0.0,BISA,lemak 3.0g (di bawah batas 10g); protein 27.0g cukup tinggi membantu offset lemak,Boleh dikonsumsi normal. Tetap perhatikan total porsi harian.
494,Ikan Sale Lais Mentah,415.0,61.3,17.6,2.9,NETRAL,lemak 17.6g (zona netral 10–18g); kalori 415.0 kkal cukup tinggi untuk kondisi ini; protein 61.3g cukup tinggi membantu offset lemak,"Konsumsi 1 porsi kecil (50–80g) per hari, tidak setiap hari."
495,Ikan Sale Segar,534.0,40.2,39.3,4.9,TIDAK_BISA,lemak 39.3g (melebihi batas 25g); kalori 534.0 kkal cukup tinggi untuk kondisi ini,Hindari. Konsultasikan dengan ahli gizi untuk alternatif.
496,Ikan Saluang Kering Mentah,284.0,34.1,9.9,14.6,BISA,lemak 9.9g (di bawah batas 10g); protein 34.1g cukup tinggi membantu offset lemak,Boleh dikonsumsi normal. Tetap perhatikan total porsi harian.
497,Ikan Saluang Segar,113.0,13.9,4.9,3.4,BISA,lemak 4.9g (di bawah batas 10g),Boleh dikonsumsi normal. Tetap perhatikan total porsi harian.
498,Ikan Sanggang Masakan,240.0,21.7,7.7,20.7,BISA,lemak 7.7g (di bawah batas 10g); protein 21.7g cukup tinggi membantu offset lemak,Boleh dikonsumsi normal. Tetap perhatikan total porsi harian.
499,Ikan Sarden Segar,109.0,19.9,1.8,3.4,BISA,lemak 1.8g (di bawah batas 10g); protein 19.9g cukup tinggi membantu offset lemak,Boleh dikonsumsi normal. Tetap perhatikan total porsi harian.
500,Ikan Segar,113.0,17.0,4.5,0.0,BISA,lemak 4.5g (di bawah batas 10g); protein 17.0g cukup tinggi membantu offset lemak,Boleh dikonsumsi normal. Tetap perhatikan total porsi harian.
501,Ikan Selar Kering,194.0,38.0,3.5,0.0,BISA,lemak 3.5g (di bawah batas 10g); protein 38.0g cukup tinggi membantu offset lemak,Boleh dikonsumsi normal. Tetap perhatikan total porsi harian.
502,Ikan Selar Kuning Cue Mentah,138.0,27.0,3.3,0.0,BISA,lemak 3.3g (di bawah batas 10g); protein 27.0g cukup tinggi membantu offset lemak,Boleh dikonsumsi normal. Tetap perhatikan total porsi harian.
503,Ikan Selar Segar,100.0,18.8,2.2,0.0,BISA,lemak 2.2g (di bawah batas 10g); protein 18.8g cukup tinggi membantu offset lemak,Boleh dikonsumsi normal. Tetap perhatikan total porsi harian.
504,Ikan Sepat Kering,289.0,38.0,14.0,0.0,NETRAL,lemak 14.0g (zona netral 10–18g); protein 38.0g cukup tinggi membantu offset lemak,"Konsumsi 1 porsi kecil (50–80g) per hari, tidak setiap hari."
505,Ikan Sepat Segar,84.0,15.2,0.6,4.7,BISA,lemak 0.6g (di bawah batas 10g); protein 15.2g cukup tinggi membantu offset lemak,Boleh dikonsumsi normal. Tetap perhatikan total porsi harian.
506,Ikan Sidat Segar,81.0,11.4,1.9,3.8,BISA,lemak 1.9g (di bawah batas 10g),Boleh dikonsumsi normal. Tetap perhatikan total porsi harian.
507,Ikan Sunu Asin Mentah,199.0,34.1,3.8,7.1,BISA,lemak 3.8g (di bawah batas 10g); protein 34.1g cukup tinggi membantu offset lemak,Boleh dikonsumsi normal. Tetap perhatikan total porsi harian.
508,Ikan Sunu Segar,111.0,13.3,3.4,6.7,BISA,lemak 3.4g (di bawah batas 10g),Boleh dikonsumsi normal. Tetap perhatikan total porsi harian.
509,Ikan Tahuman Segar,88.0,15.9,0.9,4.1,BISA,lemak 0.9g (di bawah batas 10g); protein 15.9g cukup tinggi membantu offset lemak,Boleh dikonsumsi normal. Tetap perhatikan total porsi harian.
510,Ikan Tarmon Segar,96.0,19.5,1.1,2.0,BISA,lemak 1.1g (di bawah batas 10g); protein 19.5g cukup tinggi membantu offset lemak,Boleh dikonsumsi normal. Tetap perhatikan total porsi harian.
511,Ikan Telan Segar,95.0,15.8,0.7,6.5,BISA,lemak 0.7g (di bawah batas 10g); protein 15.8g cukup tinggi membantu offset lemak,Boleh dikonsumsi normal. Tetap perhatikan total porsi harian.
512,Ikan Telur Asin Mentah,358.0,20.7,26.4,9.4,TIDAK_BISA,lemak 26.4g (melebihi batas 25g),Hindari. Konsultasikan dengan ahli gizi untuk alternatif.
513,Ikan Tembang,204.0,16.0,15.0,0.0,NETRAL,lemak 15.0g (zona netral 10–18g); protein 16.0g cukup tinggi membantu offset lemak,"Konsumsi 1 porsi kecil (50–80g) per hari, tidak setiap hari."
514,Ikan Tempahas Segar,101.0,15.1,4.1,1.0,BISA,lemak 4.1g (di bawah batas 10g); protein 15.1g cukup tinggi membantu offset lemak,Boleh dikonsumsi normal. Tetap perhatikan total porsi harian.
515,Ikan Tepung Mentah,316.0,60.1,6.5,22.4,BISA,lemak 6.5g (di bawah batas 10g); protein 60.1g cukup tinggi membantu offset lemak,Boleh dikonsumsi normal. Tetap perhatikan total porsi harian.
516,Ikan Terbang Segar,98.0,19.6,1.7,1.0,BISA,lemak 1.7g (di bawah batas 10g); protein 19.6g cukup tinggi membantu offset lemak,Boleh dikonsumsi normal. Tetap perhatikan total porsi harian.
517,Ikan Teri Bubuk,277.0,60.0,2.3,1.8,BISA,lemak 2.3g (di bawah batas 10g); protein 60.0g cukup tinggi membantu offset lemak,Boleh dikonsumsi normal. Tetap perhatikan total porsi harian.
518,Ikan Teri Kering,170.0,33.4,3.0,0.0,BISA,lemak 3.0g (di bawah batas 10g); protein 33.4g cukup tinggi membantu offset lemak,Boleh dikonsumsi normal. Tetap perhatikan total porsi harian.
519,Ikan Teri Kering Tawar,331.0,68.7,4.2,0.0,BISA,lemak 4.2g (di bawah batas 10g); protein 68.7g cukup tinggi membantu offset lemak,Boleh dikonsumsi normal. Tetap perhatikan total porsi harian.
520,Ikan Teri Nasi Kering,144.0,32.5,0.6,0.0,BISA,lemak 0.6g (di bawah batas 10g); protein 32.5g cukup tinggi membantu offset lemak,Boleh dikonsumsi normal. Tetap perhatikan total porsi harian.
521,Ikan Teri Segar,74.0,10.3,1.4,4.1,BISA,lemak 1.4g (di bawah batas 10g),Boleh dikonsumsi normal. Tetap perhatikan total porsi harian.
522,Ikan Teri Tepung,347.0,48.8,6.4,19.6,BISA,lemak 6.4g (di bawah batas 10g); protein 48.8g cukup tinggi membantu offset lemak,Boleh dikonsumsi normal. Tetap perhatikan total porsi harian.
523,Ikan Titang Segar,82.0,17.4,0.4,2.3,BISA,lemak 0.4g (di bawah batas 10g); protein 17.4g cukup tinggi membantu offset lemak,Boleh dikonsumsi normal. Tetap perhatikan total porsi harian.
524,Ikan Tongkol Segar,100.0,13.7,1.5,8.0,BISA,lemak 1.5g (di bawah batas 10g),Boleh dikonsumsi normal. Tetap perhatikan total porsi harian.
525,Ikan Turi Segar,96.0,19.2,2.0,0.2,BISA,lemak 2.0g (di bawah batas 10g); protein 19.2g cukup tinggi membantu offset lemak,Boleh dikonsumsi normal. Tetap perhatikan total porsi harian.
526,Intip Goreng,474.0,7.6,21.6,62.3,LIMIT,"lemak 21.6g (perlu dibatasi, batas aman 18g); kalori 474.0 kkal cukup tinggi untuk kondisi ini","Batasi 1-2x per minggu, porsi sangat kecil (≤50g). Pilih metode masak rendah minyak."
527,Itik Alabio Daging Dendeng Mentah,496.0,30.3,33.5,18.4,TIDAK_BISA,lemak 33.5g (melebihi batas 25g); kalori 496.0 kkal cukup tinggi untuk kondisi ini,Hindari. Konsultasikan dengan ahli gizi untuk alternatif.
528,Jagung Grontol,156.0,2.7,1.3,33.3,BISA,lemak 1.3g (di bawah batas 10g),Boleh dikonsumsi normal. Tetap perhatikan total porsi harian.
529,Jagung Kuning Giling,361.0,8.7,4.5,72.4,BISA,lemak 4.5g (di bawah batas 10g),Boleh dikonsumsi normal. Tetap perhatikan total porsi harian.
530,Jagung Kuning Muda,129.0,4.1,1.3,30.3,BISA,lemak 1.3g (di bawah batas 10g),Boleh dikonsumsi normal. Tetap perhatikan total porsi harian.
531,Jagung Kuning Pipil Baru,307.0,7.9,3.4,63.6,BISA,lemak 3.4g (di bawah batas 10g),Boleh dikonsumsi normal. Tetap perhatikan total porsi harian.
532,Jagung Kuning Pipil Kering Mentah,366.0,9.8,7.3,69.1,BISA,lemak 7.3g (di bawah batas 10g),Boleh dikonsumsi normal. Tetap perhatikan total porsi harian.
533,Jagung Kuning Pipil Lama,355.0,9.2,3.9,73.7,BISA,lemak 3.9g (di bawah batas 10g),Boleh dikonsumsi normal. Tetap perhatikan total porsi harian.
534,Jagung Kuning Pipil Rebus,154.0,3.8,3.5,28.4,BISA,lemak 3.5g (di bawah batas 10g),Boleh dikonsumsi normal. Tetap perhatikan total porsi harian.
535,Jagung Kuning Segar,140.0,4.7,1.3,33.1,BISA,lemak 1.3g (di bawah batas 10g),Boleh dikonsumsi normal. Tetap perhatikan total porsi harian.
536,Jagung Kuning Tepung,355.0,9.2,3.9,73.7,BISA,lemak 3.9g (di bawah batas 10g),Boleh dikonsumsi normal. Tetap perhatikan total porsi harian.
537,Jagung Muda,35.0,2.2,0.1,7.4,BISA,lemak 0.1g (di bawah batas 10g),Boleh dikonsumsi normal. Tetap perhatikan total porsi harian.
538,Jagung Muda Kuning Mentah,147.0,5.1,0.7,31.5,BISA,lemak 0.7g (di bawah batas 10g),Boleh dikonsumsi normal. Tetap perhatikan total porsi harian.
539,Jagung Muda Rebus,142.0,5.0,0.7,30.3,BISA,lemak 0.7g (di bawah batas 10g),Boleh dikonsumsi normal. Tetap perhatikan total porsi harian.
540,Jagung Pipil Var. Harapan Kering,367.0,6.2,5.1,76.2,BISA,lemak 5.1g (di bawah batas 10g),Boleh dikonsumsi normal. Tetap perhatikan total porsi harian.
541,Jagung Pipil Var. Metro Kering,368.0,5.5,4.6,78.0,BISA,lemak 4.6g (di bawah batas 10g),Boleh dikonsumsi normal. Tetap perhatikan total porsi harian.
542,Jagung Putih Giling,361.0,8.7,4.5,72.4,BISA,lemak 4.5g (di bawah batas 10g),Boleh dikonsumsi normal. Tetap perhatikan total porsi harian.
543,Jagung Putih Muda,129.0,4.1,1.3,30.3,BISA,lemak 1.3g (di bawah batas 10g),Boleh dikonsumsi normal. Tetap perhatikan total porsi harian.
544,Jagung Putih Pipil Baru,307.0,7.9,3.4,63.6,BISA,lemak 3.4g (di bawah batas 10g),Boleh dikonsumsi normal. Tetap perhatikan total porsi harian.
545,Jagung Putih Pipil Lama,355.0,9.2,3.9,73.7,BISA,lemak 3.9g (di bawah batas 10g),Boleh dikonsumsi normal. Tetap perhatikan total porsi harian.
546,Jagung Putih Segar,140.0,4.7,1.3,33.1,BISA,lemak 1.3g (di bawah batas 10g),Boleh dikonsumsi normal. Tetap perhatikan total porsi harian.
547,Jagung Rebus,175.0,1.8,1.8,35.0,BISA,lemak 1.8g (di bawah batas 10g),Boleh dikonsumsi normal. Tetap perhatikan total porsi harian.
548,Jagung Sayur (Tumis),148.9,10.4,10.4,20.1,NETRAL,lemak 10.4g (zona netral 10–18g),"Konsumsi 1 porsi kecil (50–80g) per hari, tidak setiap hari."
549,Jagung Titi,374.0,9.4,2.2,79.1,BISA,lemak 2.2g (di bawah batas 10g),Boleh dikonsumsi normal. Tetap perhatikan total porsi harian.
550,Jahe,51.0,1.5,1.0,10.1,BISA,lemak 1.0g (di bawah batas 10g),Boleh dikonsumsi normal. Tetap perhatikan total porsi harian.
551,Jali,289.0,11.0,4.0,61.0,BISA,lemak 4.0g (di bawah batas 10g),Boleh dikonsumsi normal. Tetap perhatikan total porsi harian.
552,Jam Selai,239.0,0.5,0.6,64.5,BISA,lemak 0.6g (di bawah batas 10g),Boleh dikonsumsi normal. Tetap perhatikan total porsi harian.
553,Jambal Goreng,286.0,48.5,9.2,2.3,BISA,lemak 9.2g (di bawah batas 10g); protein 48.5g cukup tinggi membantu offset lemak,Boleh dikonsumsi normal. Tetap perhatikan total porsi harian.
554,Jambu Air,46.0,0.6,0.0,11.8,BISA,lemak 0.0g (di bawah batas 10g),Boleh dikonsumsi normal. Tetap perhatikan total porsi harian.
555,Jambu Biji,49.0,0.9,0.3,12.2,BISA,lemak 0.3g (di bawah batas 10g),Boleh dikonsumsi normal. Tetap perhatikan total porsi harian.
556,Jambu Biji Putih Tidak Berbiji,61.0,0.9,0.3,15.4,BISA,lemak 0.3g (di bawah batas 10g),Boleh dikonsumsi normal. Tetap perhatikan total porsi harian.
557,Jambu Bol,56.0,0.6,0.3,14.2,BISA,lemak 0.3g (di bawah batas 10g),Boleh dikonsumsi normal. Tetap perhatikan total porsi harian.
558,Jambu Monyet Buah,64.0,0.7,0.6,15.8,BISA,lemak 0.6g (di bawah batas 10g),Boleh dikonsumsi normal. Tetap perhatikan total porsi harian.
559,Jampang Huma Mentah,350.0,6.2,1.4,78.2,BISA,lemak 1.4g (di bawah batas 10g),Boleh dikonsumsi normal. Tetap perhatikan total porsi harian.
560,Jamur Coklat (Kulat Siau),45.0,2.5,3.9,0.0,BISA,lemak 3.9g (di bawah batas 10g),Boleh dikonsumsi normal. Tetap perhatikan total porsi harian.
561,Jamur Encik,296.0,9.4,1.1,62.0,BISA,lemak 1.1g (di bawah batas 10g),Boleh dikonsumsi normal. Tetap perhatikan total porsi harian.
562,Jamur Kuping Kering,294.0,16.0,0.9,64.6,BISA,lemak 0.9g (di bawah batas 10g); protein 16.0g cukup tinggi membantu offset lemak,Boleh dikonsumsi normal. Tetap perhatikan total porsi harian.
563,Jamur Kuping Segar,21.0,3.8,0.6,0.9,BISA,lemak 0.6g (di bawah batas 10g),Boleh dikonsumsi normal. Tetap perhatikan total porsi harian.
564,Jamur Merang Segar,30.0,3.5,0.2,4.0,BISA,lemak 0.2g (di bawah batas 10g),Boleh dikonsumsi normal. Tetap perhatikan total porsi harian.
565,Jamur Putih (Kulat Putih),48.0,2.8,4.1,2.9,BISA,lemak 4.1g (di bawah batas 10g),Boleh dikonsumsi normal. Tetap perhatikan total porsi harian.
566,Jamur Sagu,48.0,1.9,3.2,2.8,BISA,lemak 3.2g (di bawah batas 10g),Boleh dikonsumsi normal. Tetap perhatikan total porsi harian.
567,Jamur Tiram Segar,30.0,1.9,0.1,5.5,BISA,lemak 0.1g (di bawah batas 10g),Boleh dikonsumsi normal. Tetap perhatikan total porsi harian.
568,Jangang Bintatoeng Masakan,107.0,5.3,2.2,16.5,BISA,lemak 2.2g (di bawah batas 10g),Boleh dikonsumsi normal. Tetap perhatikan total porsi harian.
569,Jantung Pisang Segar,31.0,1.2,0.3,7.1,BISA,lemak 0.3g (di bawah batas 10g),Boleh dikonsumsi normal. Tetap perhatikan total porsi harian.
570,Japilus,500.0,1.2,25.1,67.3,TIDAK_BISA,lemak 25.1g (melebihi batas 25g); kalori 500.0 kkal cukup tinggi untuk kondisi ini,Hindari. Konsultasikan dengan ahli gizi untuk alternatif.
571,Jaruk Tigarun,48.0,2.5,4.2,0.0,BISA,lemak 4.2g (di bawah batas 10g),Boleh dikonsumsi normal. Tetap perhatikan total porsi harian.
572,Jawawut,334.0,9.7,3.5,73.4,BISA,lemak 3.5g (di bawah batas 10g),Boleh dikonsumsi normal. Tetap perhatikan total porsi harian.
573,Jenang,381.7,9.5,9.5,65.8,BISA,lemak 9.5g (di bawah batas 10g),Boleh dikonsumsi normal. Tetap perhatikan total porsi harian.
574,Jengkol Segar,192.0,5.4,0.3,40.7,BISA,lemak 0.3g (di bawah batas 10g),Boleh dikonsumsi normal. Tetap perhatikan total porsi harian.
575,Jeruk Bali,48.0,0.6,0.2,12.4,BISA,lemak 0.2g (di bawah batas 10g),Boleh dikonsumsi normal. Tetap perhatikan total porsi harian.
576,Jeruk Banjar Segar,61.0,0.8,0.2,14.1,BISA,lemak 0.2g (di bawah batas 10g),Boleh dikonsumsi normal. Tetap perhatikan total porsi harian.
577,Jeruk Garut,44.0,0.8,0.3,10.9,BISA,lemak 0.3g (di bawah batas 10g),Boleh dikonsumsi normal. Tetap perhatikan total porsi harian.
578,Jeruk Kalamansi Segar,39.0,0.3,0.3,8.9,BISA,lemak 0.3g (di bawah batas 10g),Boleh dikonsumsi normal. Tetap perhatikan total porsi harian.
579,Jeruk Manis,45.0,0.9,0.2,11.2,BISA,lemak 0.2g (di bawah batas 10g),Boleh dikonsumsi normal. Tetap perhatikan total porsi harian.
580,Jeruk Nipis,37.0,0.8,0.1,12.3,BISA,lemak 0.1g (di bawah batas 10g),Boleh dikonsumsi normal. Tetap perhatikan total porsi harian.
581,Jeruk Ragi Segar,49.0,0.7,0.2,11.1,BISA,lemak 0.2g (di bawah batas 10g),Boleh dikonsumsi normal. Tetap perhatikan total porsi harian.
582,Jotang,32.0,1.9,0.3,7.1,BISA,lemak 0.3g (di bawah batas 10g),Boleh dikonsumsi normal. Tetap perhatikan total porsi harian.
583,Jukku Pallu Kaloa Masakan,15.0,15.2,4.3,8.8,BISA,lemak 4.3g (di bawah batas 10g); protein 15.2g cukup tinggi membantu offset lemak,Boleh dikonsumsi normal. Tetap perhatikan total porsi harian.
584,Kabau Segar,130.0,6.7,0.3,25.2,BISA,lemak 0.3g (di bawah batas 10g),Boleh dikonsumsi normal. Tetap perhatikan total porsi harian.
585,Kaburan Ubi Segar,133.0,1.0,0.2,32.2,BISA,lemak 0.2g (di bawah batas 10g),Boleh dikonsumsi normal. Tetap perhatikan total porsi harian.
586,Kabuto,250.0,2.6,2.5,35.4,BISA,lemak 2.5g (di bawah batas 10g),Boleh dikonsumsi normal. Tetap perhatikan total porsi harian.
587,Kacang Andong,356.0,20.5,4.1,61.6,BISA,lemak 4.1g (di bawah batas 10g); protein 20.5g cukup tinggi membantu offset lemak,Boleh dikonsumsi normal. Tetap perhatikan total porsi harian.
588,Kacang Arab,330.0,23.8,1.4,60.2,BISA,lemak 1.4g (di bawah batas 10g); protein 23.8g cukup tinggi membantu offset lemak,Boleh dikonsumsi normal. Tetap perhatikan total porsi harian.
589,Kacang Atom,533.0,27.8,38.1,28.8,TIDAK_BISA,lemak 38.1g (melebihi batas 25g); kalori 533.0 kkal cukup tinggi untuk kondisi ini,Hindari. Konsultasikan dengan ahli gizi untuk alternatif.
590,Kacang Babi Kering,341.0,30.4,3.2,51.3,BISA,lemak 3.2g (di bawah batas 10g); protein 30.4g cukup tinggi membantu offset lemak,Boleh dikonsumsi normal. Tetap perhatikan total porsi harian.
591,Kacang Belimbing (Kecipir) Kering,400.0,34.4,16.9,34.1,NETRAL,lemak 16.9g (zona netral 10–18g); protein 34.4g cukup tinggi membantu offset lemak,"Konsumsi 1 porsi kecil (50–80g) per hari, tidak setiap hari."
592,Kacang Belimbing Rebus,204.0,16.9,8.8,17.5,BISA,lemak 8.8g (di bawah batas 10g); protein 16.9g cukup tinggi membantu offset lemak,Boleh dikonsumsi normal. Tetap perhatikan total porsi harian.
593,Kacang Belimbing Tempe,212.0,17.5,10.0,12.9,BISA,lemak 10.0g (di bawah batas 10g); protein 17.5g cukup tinggi membantu offset lemak,Boleh dikonsumsi normal. Tetap perhatikan total porsi harian.
594,Kacang Beracun Segar,118.0,4.4,1.5,21.6,BISA,lemak 1.5g (di bawah batas 10g),Boleh dikonsumsi normal. Tetap perhatikan total porsi harian.
595,Kacang Bogor Goreng,479.0,12.7,23.2,58.9,LIMIT,"lemak 23.2g (perlu dibatasi, batas aman 18g); kalori 479.0 kkal cukup tinggi untuk kondisi ini","Batasi 1-2x per minggu, porsi sangat kecil (≤50g). Pilih metode masak rendah minyak."
596,Kacang Bogor Kering,370.0,16.0,6.0,65.0,BISA,lemak 6.0g (di bawah batas 10g); protein 16.0g cukup tinggi membantu offset lemak,Boleh dikonsumsi normal. Tetap perhatikan total porsi harian.
597,Kacang Bogor Rebus,161.0,7.7,2.8,27.1,BISA,lemak 2.8g (di bawah batas 10g),Boleh dikonsumsi normal. Tetap perhatikan total porsi harian.
598,Kacang Bogor Segar,165.0,7.7,3.1,27.4,BISA,lemak 3.1g (di bawah batas 10g),Boleh dikonsumsi normal. Tetap perhatikan total porsi harian.
599,Kacang Endel Biji,331.0,25.0,1.0,58.0,BISA,lemak 1.0g (di bawah batas 10g); protein 25.0g cukup tinggi membantu offset lemak,Boleh dikonsumsi normal. Tetap perhatikan total porsi harian.
600,Kacang Ercis Segar,129.0,12.4,0.7,18.3,BISA,lemak 0.7g (di bawah batas 10g),Boleh dikonsumsi normal. Tetap perhatikan total porsi harian.
601,Kacang Galing Segar,336.0,23.1,1.7,59.5,BISA,lemak 1.7g (di bawah batas 10g); protein 23.1g cukup tinggi membantu offset lemak,Boleh dikonsumsi normal. Tetap perhatikan total porsi harian.
602,Kacang Goyang,516.0,14.7,31.1,44.4,TIDAK_BISA,lemak 31.1g (melebihi batas 25g); kalori 516.0 kkal cukup tinggi untuk kondisi ini,Hindari. Konsultasikan dengan ahli gizi untuk alternatif.
603,Kacang Gude Biji,336.0,20.7,1.4,62.0,BISA,lemak 1.4g (di bawah batas 10g); protein 20.7g cukup tinggi membantu offset lemak,Boleh dikonsumsi normal. Tetap perhatikan total porsi harian.
604,Kacang Gude Biji Kering,316.0,20.7,1.0,58.0,BISA,lemak 1.0g (di bawah batas 10g); protein 20.7g cukup tinggi membantu offset lemak,Boleh dikonsumsi normal. Tetap perhatikan total porsi harian.
605,Kacang Gude Biji Muda,114.0,7.0,0.6,20.8,BISA,lemak 0.6g (di bawah batas 10g),Boleh dikonsumsi normal. Tetap perhatikan total porsi harian.
606,Kacang Gude Muda,123.0,8.4,0.6,1.8,BISA,lemak 0.6g (di bawah batas 10g),Boleh dikonsumsi normal. Tetap perhatikan total porsi harian.
607,Kacang Gude Rebus,147.0,9.0,0.5,27.5,BISA,lemak 0.5g (di bawah batas 10g),Boleh dikonsumsi normal. Tetap perhatikan total porsi harian.
608,Kacang Hijau Kering,323.0,22.9,1.5,56.8,BISA,lemak 1.5g (di bawah batas 10g); protein 22.9g cukup tinggi membantu offset lemak,Boleh dikonsumsi normal. Tetap perhatikan total porsi harian.
609,Kacang Hijau Rebus,109.0,8.7,0.5,18.3,BISA,lemak 0.5g (di bawah batas 10g),Boleh dikonsumsi normal. Tetap perhatikan total porsi harian.
610,Kacang Hijau Var. Bakti Kering,350.0,17.1,1.8,70.7,BISA,lemak 1.8g (di bawah batas 10g); protein 17.1g cukup tinggi membantu offset lemak,Boleh dikonsumsi normal. Tetap perhatikan total porsi harian.
611,Kacang Hijau Var. Siwalik Kering,339.0,20.8,2.1,64.6,BISA,lemak 2.1g (di bawah batas 10g); protein 20.8g cukup tinggi membantu offset lemak,Boleh dikonsumsi normal. Tetap perhatikan total porsi harian.
612,Kacang Hitam Kering,346.0,16.6,1.7,66.1,BISA,lemak 1.7g (di bawah batas 10g); protein 16.6g cukup tinggi membantu offset lemak,Boleh dikonsumsi normal. Tetap perhatikan total porsi harian.
613,Kacang Ijo,345.0,22.2,1.2,62.9,BISA,lemak 1.2g (di bawah batas 10g); protein 22.2g cukup tinggi membantu offset lemak,Boleh dikonsumsi normal. Tetap perhatikan total porsi harian.
614,Kacang Kapri Goreng,445.0,11.0,11.0,65.5,NETRAL,lemak 11.0g (zona netral 10–18g); kalori 445.0 kkal cukup tinggi untuk kondisi ini,"Konsumsi 1 porsi kecil (50–80g) per hari, tidak setiap hari."
615,Kacang Kapri Muda,98.0,6.7,0.4,17.7,BISA,lemak 0.4g (di bawah batas 10g),Boleh dikonsumsi normal. Tetap perhatikan total porsi harian.
616,Kacang Kedelai Basah,286.0,30.2,15.6,30.1,NETRAL,lemak 15.6g (zona netral 10–18g); protein 30.2g cukup tinggi membantu offset lemak,"Konsumsi 1 porsi kecil (50–80g) per hari, tidak setiap hari."
617,Kacang Kedelai Goreng,521.0,32.2,37.7,22.9,TIDAK_BISA,lemak 37.7g (melebihi batas 25g); kalori 521.0 kkal cukup tinggi untuk kondisi ini,Hindari. Konsultasikan dengan ahli gizi untuk alternatif.
618,Kacang Kedelai Kering,381.0,40.4,16.7,24.9,NETRAL,lemak 16.7g (zona netral 10–18g); protein 40.4g cukup tinggi membantu offset lemak,"Konsumsi 1 porsi kecil (50–80g) per hari, tidak setiap hari."
619,Kacang Kedelai Kukus,75.0,4.1,2.1,10.7,BISA,lemak 2.1g (di bawah batas 10g),Boleh dikonsumsi normal. Tetap perhatikan total porsi harian.
620,Kacang Kedelai Rebus,189.0,20.2,8.2,12.7,BISA,lemak 8.2g (di bawah batas 10g); protein 20.2g cukup tinggi membantu offset lemak,Boleh dikonsumsi normal. Tetap perhatikan total porsi harian.
621,Kacang Kedelai Segar,286.0,30.2,15.6,30.1,NETRAL,lemak 15.6g (zona netral 10–18g); protein 30.2g cukup tinggi membantu offset lemak,"Konsumsi 1 porsi kecil (50–80g) per hari, tidak setiap hari."
622,Kacang Komak Segar,327.0,16.4,4.3,55.8,BISA,lemak 4.3g (di bawah batas 10g); protein 16.4g cukup tinggi membantu offset lemak,Boleh dikonsumsi normal. Tetap perhatikan total porsi harian.
623,Kacang Kuning Kering,355.0,17.0,2.5,66.0,BISA,lemak 2.5g (di bawah batas 10g); protein 17.0g cukup tinggi membantu offset lemak,Boleh dikonsumsi normal. Tetap perhatikan total porsi harian.
624,Kacang Lebui /Iris Kering,346.0,16.5,1.5,66.6,BISA,lemak 1.5g (di bawah batas 10g); protein 16.5g cukup tinggi membantu offset lemak,Boleh dikonsumsi normal. Tetap perhatikan total porsi harian.
625,Kacang Mekah Polong Segar,22.0,1.1,1.0,3.4,BISA,lemak 1.0g (di bawah batas 10g),Boleh dikonsumsi normal. Tetap perhatikan total porsi harian.
626,Kacang Mentega Kering,344.0,16.7,2.1,64.6,BISA,lemak 2.1g (di bawah batas 10g); protein 16.7g cukup tinggi membantu offset lemak,Boleh dikonsumsi normal. Tetap perhatikan total porsi harian.
627,Kacang Merah,336.0,23.1,1.7,59.5,BISA,lemak 1.7g (di bawah batas 10g); protein 23.1g cukup tinggi membantu offset lemak,Boleh dikonsumsi normal. Tetap perhatikan total porsi harian.
628,Kacang Merah /Banda Kering,350.0,13.9,3.0,66.9,BISA,lemak 3.0g (di bawah batas 10g),Boleh dikonsumsi normal. Tetap perhatikan total porsi harian.
629,Kacang Merah Kering,314.0,22.1,1.1,56.2,BISA,lemak 1.1g (di bawah batas 10g); protein 22.1g cukup tinggi membantu offset lemak,Boleh dikonsumsi normal. Tetap perhatikan total porsi harian.
630,Kacang Merah Kering Rebus,158.0,10.3,0.9,28.2,BISA,lemak 0.9g (di bawah batas 10g),Boleh dikonsumsi normal. Tetap perhatikan total porsi harian.
631,Kacang Merah Segar,171.0,11.0,2.2,28.0,BISA,lemak 2.2g (di bawah batas 10g),Boleh dikonsumsi normal. Tetap perhatikan total porsi harian.
632,Kacang Merah Segar Rebus,144.0,10.0,1.0,24.7,BISA,lemak 1.0g (di bawah batas 10g),Boleh dikonsumsi normal. Tetap perhatikan total porsi harian.
633,Kacang Merah Tua Kering,280.0,16.7,1.6,63.2,BISA,lemak 1.6g (di bawah batas 10g); protein 16.7g cukup tinggi membantu offset lemak,Boleh dikonsumsi normal. Tetap perhatikan total porsi harian.
634,Kacang Mete/Biji Jambu Monyet Goreng,629.0,20.4,56.3,19.8,TIDAK_BISA,lemak 56.3g (melebihi batas 25g); kalori 629.0 kkal cukup tinggi untuk kondisi ini,Hindari. Konsultasikan dengan ahli gizi untuk alternatif.
635,Kacang Mete/Biji Jambu Monyet Segar,616.0,16.3,48.4,28.7,TIDAK_BISA,lemak 48.4g (melebihi batas 25g); kalori 616.0 kkal cukup tinggi untuk kondisi ini,Hindari. Konsultasikan dengan ahli gizi untuk alternatif.
636,Kacang Negara,480.0,18.4,19.1,58.5,NETRAL,"lemak 19.1g (perlu dibatasi, batas aman 18g); kalori 480.0 kkal cukup tinggi untuk kondisi ini; protein 18.4g cukup tinggi membantu offset lemak","Konsumsi 1 porsi kecil (50–80g) per hari, tidak setiap hari."
637,Kacang Panjang,44.0,2.7,0.3,7.8,BISA,lemak 0.3g (di bawah batas 10g),Boleh dikonsumsi normal. Tetap perhatikan total porsi harian.
638,Kacang Panjang Biji,357.0,17.3,1.5,70.0,BISA,lemak 1.5g (di bawah batas 10g); protein 17.3g cukup tinggi membantu offset lemak,Boleh dikonsumsi normal. Tetap perhatikan total porsi harian.
639,Kacang Panjang Kukus,39.0,3.0,0.6,7.6,BISA,lemak 0.6g (di bawah batas 10g),Boleh dikonsumsi normal. Tetap perhatikan total porsi harian.
640,Kacang Panjang Tumis,150.0,2.5,12.5,7.0,NETRAL,lemak 12.5g (zona netral 10–18g),"Konsumsi 1 porsi kecil (50–80g) per hari, tidak setiap hari."
641,Kacang Ranti Polong,37.0,3.1,0.2,7.9,BISA,lemak 0.2g (di bawah batas 10g),Boleh dikonsumsi normal. Tetap perhatikan total porsi harian.
642,Kacang Sukro,484.0,8.8,26.1,57.7,TIDAK_BISA,lemak 26.1g (melebihi batas 25g); kalori 484.0 kkal cukup tinggi untuk kondisi ini,Hindari. Konsultasikan dengan ahli gizi untuk alternatif.
643,Kacang Sukro Putih,488.0,25.6,25.6,59.6,TIDAK_BISA,lemak 25.6g (melebihi batas 25g); kalori 488.0 kkal cukup tinggi untuk kondisi ini,Hindari. Konsultasikan dengan ahli gizi untuk alternatif.
644,Kacang Tanah Atom,535.0,27.8,38.1,28.8,TIDAK_BISA,lemak 38.1g (melebihi batas 25g); kalori 535.0 kkal cukup tinggi untuk kondisi ini,Hindari. Konsultasikan dengan ahli gizi untuk alternatif.
645,Kacang Tanah Goreng,564.0,25.5,44.4,25.5,TIDAK_BISA,lemak 44.4g (melebihi batas 25g); kalori 564.0 kkal cukup tinggi untuk kondisi ini,Hindari. Konsultasikan dengan ahli gizi untuk alternatif.
646,Kacang Tanah Kacang Sari,561.0,25.5,43.8,26.0,TIDAK_BISA,lemak 43.8g (melebihi batas 25g); kalori 561.0 kkal cukup tinggi untuk kondisi ini,Hindari. Konsultasikan dengan ahli gizi untuk alternatif.
647,Kacang Tanah Kering,525.0,27.9,42.7,17.4,TIDAK_BISA,lemak 42.7g (melebihi batas 25g); kalori 525.0 kkal cukup tinggi untuk kondisi ini,Hindari. Konsultasikan dengan ahli gizi untuk alternatif.
648,Kacang Tanah Rebus,385.0,14.0,31.0,13.0,TIDAK_BISA,lemak 31.0g (melebihi batas 25g),Hindari. Konsultasikan dengan ahli gizi untuk alternatif.
649,Kacang Tanah Rebus Berkulit,360.0,13.5,31.2,12.8,TIDAK_BISA,lemak 31.2g (melebihi batas 25g),Hindari. Konsultasikan dengan ahli gizi untuk alternatif.
650,Kacang Tanah Rempeyek,513.0,17.5,32.5,44.3,TIDAK_BISA,lemak 32.5g (melebihi batas 25g); kalori 513.0 kkal cukup tinggi untuk kondisi ini,Hindari. Konsultasikan dengan ahli gizi untuk alternatif.
651,Kacang Tanah Sangan Berselaput,569.0,28.8,48.4,15.8,TIDAK_BISA,lemak 48.4g (melebihi batas 25g); kalori 569.0 kkal cukup tinggi untuk kondisi ini,Hindari. Konsultasikan dengan ahli gizi untuk alternatif.
652,Kacang Tanah Sangan Tanpa Selaput,559.0,26.9,44.2,23.6,TIDAK_BISA,lemak 44.2g (melebihi batas 25g); kalori 559.0 kkal cukup tinggi untuk kondisi ini,Hindari. Konsultasikan dengan ahli gizi untuk alternatif.
653,Kacang Tanah Sari,561.0,25.5,43.8,26.0,TIDAK_BISA,lemak 43.8g (melebihi batas 25g); kalori 561.0 kkal cukup tinggi untuk kondisi ini,Hindari. Konsultasikan dengan ahli gizi untuk alternatif.
654,Kacang Telur,748.0,20.8,20.8,124.8,NETRAL,"lemak 20.8g (perlu dibatasi, batas aman 18g); kalori 748.0 kkal cukup tinggi untuk kondisi ini; protein 20.8g cukup tinggi membantu offset lemak","Konsumsi 1 porsi kecil (50–80g) per hari, tidak setiap hari."
655,Kacang Tolo / Tunggak Kering,331.0,24.4,1.9,56.6,BISA,lemak 1.9g (di bawah batas 10g); protein 24.4g cukup tinggi membantu offset lemak,Boleh dikonsumsi normal. Tetap perhatikan total porsi harian.
656,Kacang Tolo Rebus,138.0,10.7,1.1,22.6,BISA,lemak 1.1g (di bawah batas 10g),Boleh dikonsumsi normal. Tetap perhatikan total porsi harian.
657,Kacang Tunggak (Tolo),342.0,22.9,1.4,61.6,BISA,lemak 1.4g (di bawah batas 10g); protein 22.9g cukup tinggi membantu offset lemak,Boleh dikonsumsi normal. Tetap perhatikan total porsi harian.
658,Kacang Tunggak Rebus,138.0,10.7,1.1,22.6,BISA,lemak 1.1g (di bawah batas 10g),Boleh dikonsumsi normal. Tetap perhatikan total porsi harian.
659,Kacang Tunggak Rempeyek,451.0,11.2,20.2,59.7,LIMIT,"lemak 20.2g (perlu dibatasi, batas aman 18g); kalori 451.0 kkal cukup tinggi untuk kondisi ini","Batasi 1-2x per minggu, porsi sangat kecil (≤50g). Pilih metode masak rendah minyak."
660,Kacang Tunis Kering,351.0,12.2,1.2,72.9,BISA,lemak 1.2g (di bawah batas 10g),Boleh dikonsumsi normal. Tetap perhatikan total porsi harian.
661,Kacang Uci Kering,358.0,23.4,2.4,60.6,BISA,lemak 2.4g (di bawah batas 10g); protein 23.4g cukup tinggi membantu offset lemak,Boleh dikonsumsi normal. Tetap perhatikan total porsi harian.
662,Kacang Urei Kering,354.0,12.8,1.8,69.3,BISA,lemak 1.8g (di bawah batas 10g),Boleh dikonsumsi normal. Tetap perhatikan total porsi harian.
663,Kadada Katembe,110.0,4.5,6.9,7.1,BISA,lemak 6.9g (di bawah batas 10g),Boleh dikonsumsi normal. Tetap perhatikan total porsi harian.
664,Kaholeo Masakan,413.0,28.7,19.8,29.8,NETRAL,"lemak 19.8g (perlu dibatasi, batas aman 18g); kalori 413.0 kkal cukup tinggi untuk kondisi ini; protein 28.7g cukup tinggi membantu offset lemak","Konsumsi 1 porsi kecil (50–80g) per hari, tidak setiap hari."
665,Kakap,92.0,20.0,0.7,0.0,BISA,lemak 0.7g (di bawah batas 10g); protein 20.0g cukup tinggi membantu offset lemak,Boleh dikonsumsi normal. Tetap perhatikan total porsi harian.
666,Kalakai,66.0,2.8,6.8,3.4,BISA,lemak 6.8g (di bawah batas 10g),Boleh dikonsumsi normal. Tetap perhatikan total porsi harian.
667,Kalio Jeroan Masakan,163.0,16.5,9.0,4.1,BISA,lemak 9.0g (di bawah batas 10g); protein 16.5g cukup tinggi membantu offset lemak,Boleh dikonsumsi normal. Tetap perhatikan total porsi harian.
668,Kalio Kikil (Tunjang) Masakan,122.0,13.8,5.7,3.9,BISA,lemak 5.7g (di bawah batas 10g),Boleh dikonsumsi normal. Tetap perhatikan total porsi harian.
669,Kalio Otak Masakan,157.0,8.1,8.8,11.4,BISA,lemak 8.8g (di bawah batas 10g),Boleh dikonsumsi normal. Tetap perhatikan total porsi harian.
670,Kalio Telur Masakan,193.0,10.6,12.4,9.7,NETRAL,lemak 12.4g (zona netral 10–18g),"Konsumsi 1 porsi kecil (50–80g) per hari, tidak setiap hari."
671,Kambing Daging Segar,149.0,16.6,9.2,0.0,BISA,lemak 9.2g (di bawah batas 10g); protein 16.6g cukup tinggi membantu offset lemak,Boleh dikonsumsi normal. Tetap perhatikan total porsi harian.
672,Kambose,164.0,3.0,2.4,32.6,BISA,lemak 2.4g (di bawah batas 10g),Boleh dikonsumsi normal. Tetap perhatikan total porsi harian.
673,Kangkung,29.0,3.0,0.3,5.4,BISA,lemak 0.3g (di bawah batas 10g),Boleh dikonsumsi normal. Tetap perhatikan total porsi harian.
674,Kangkung Kukus,30.0,3.2,0.7,4.7,BISA,lemak 0.7g (di bawah batas 10g),Boleh dikonsumsi normal. Tetap perhatikan total porsi harian.
675,Kangkung Rebus,22.0,2.5,0.6,3.1,BISA,lemak 0.6g (di bawah batas 10g),Boleh dikonsumsi normal. Tetap perhatikan total porsi harian.
676,Kangkung Tondano,43.0,1.8,0.2,8.4,BISA,lemak 0.2g (di bawah batas 10g),Boleh dikonsumsi normal. Tetap perhatikan total porsi harian.
677,Kangkung Tumis,52.0,1.8,3.6,3.0,BISA,lemak 3.6g (di bawah batas 10g),Boleh dikonsumsi normal. Tetap perhatikan total porsi harian.
678,Kaparende Sayur,38.0,2.4,2.0,2.6,BISA,lemak 2.0g (di bawah batas 10g),Boleh dikonsumsi normal. Tetap perhatikan total porsi harian.
679,Kapri Muda,42.0,3.3,0.2,9.6,BISA,lemak 0.2g (di bawah batas 10g),Boleh dikonsumsi normal. Tetap perhatikan total porsi harian.
680,Kapurung,41.0,2.0,0.3,7.8,BISA,lemak 0.3g (di bawah batas 10g),Boleh dikonsumsi normal. Tetap perhatikan total porsi harian.
681,Kapusa,158.0,4.4,3.2,27.8,BISA,lemak 3.2g (di bawah batas 10g),Boleh dikonsumsi normal. Tetap perhatikan total porsi harian.
682,Karawila,25.0,2.3,0.2,3.5,BISA,lemak 0.2g (di bawah batas 10g),Boleh dikonsumsi normal. Tetap perhatikan total porsi harian.
683,Karedok,146.7,5.9,5.9,19.7,BISA,lemak 5.9g (di bawah batas 10g),Boleh dikonsumsi normal. Tetap perhatikan total porsi harian.
684,Karedok Sayur,92.0,2.2,3.3,14.1,BISA,lemak 3.3g (di bawah batas 10g),Boleh dikonsumsi normal. Tetap perhatikan total porsi harian.
685,Karoket,292.0,11.2,11.2,2.8,NETRAL,lemak 11.2g (zona netral 10–18g),"Konsumsi 1 porsi kecil (50–80g) per hari, tidak setiap hari."
686,Katak,73.0,16.4,0.3,0.0,BISA,lemak 0.3g (di bawah batas 10g); protein 16.4g cukup tinggi membantu offset lemak,Boleh dikonsumsi normal. Tetap perhatikan total porsi harian.
687,Katul Beras,275.0,12.6,14.8,54.6,NETRAL,lemak 14.8g (zona netral 10–18g),"Konsumsi 1 porsi kecil (50–80g) per hari, tidak setiap hari."
688,Katul Jagung,356.0,9.0,8.5,64.5,BISA,lemak 8.5g (di bawah batas 10g),Boleh dikonsumsi normal. Tetap perhatikan total porsi harian.
689,Kawista Segar,120.0,3.5,2.5,20.8,BISA,lemak 2.5g (di bawah batas 10g),Boleh dikonsumsi normal. Tetap perhatikan total porsi harian.
690,Kecap,46.0,5.7,1.3,9.0,BISA,lemak 1.3g (di bawah batas 10g),Boleh dikonsumsi normal. Tetap perhatikan total porsi harian.
691,Kecimpring Singkong Goreng,464.0,1.2,18.6,73.0,LIMIT,"lemak 18.6g (perlu dibatasi, batas aman 18g); kalori 464.0 kkal cukup tinggi untuk kondisi ini","Batasi 1-2x per minggu, porsi sangat kecil (≤50g). Pilih metode masak rendah minyak."
692,Kecipir Biji,405.0,32.8,17.0,36.5,NETRAL,lemak 17.0g (zona netral 10–18g); kalori 405.0 kkal cukup tinggi untuk kondisi ini; protein 32.8g cukup tinggi membantu offset lemak,"Konsumsi 1 porsi kecil (50–80g) per hari, tidak setiap hari."
693,Kecipir Buah Muda,35.0,2.9,0.2,0.8,BISA,lemak 0.2g (di bawah batas 10g),Boleh dikonsumsi normal. Tetap perhatikan total porsi harian.
694,Kecipir Muda Segar,32.0,2.9,0.2,5.8,BISA,lemak 0.2g (di bawah batas 10g),Boleh dikonsumsi normal. Tetap perhatikan total porsi harian.
695,Kecombrang Segar,34.0,0.9,1.0,6.7,BISA,lemak 1.0g (di bawah batas 10g),Boleh dikonsumsi normal. Tetap perhatikan total porsi harian.
696,Kedondong Segar,47.0,0.5,0.2,10.4,BISA,lemak 0.2g (di bawah batas 10g),Boleh dikonsumsi normal. Tetap perhatikan total porsi harian.
697,Keju,326.0,22.8,20.3,13.1,NETRAL,"lemak 20.3g (perlu dibatasi, batas aman 18g); protein 22.8g cukup tinggi membantu offset lemak","Konsumsi 1 porsi kecil (50–80g) per hari, tidak setiap hari."
698,Keju Kacang Tanah,590.0,27.0,49.0,20.9,TIDAK_BISA,lemak 49.0g (melebihi batas 25g); kalori 590.0 kkal cukup tinggi untuk kondisi ini,Hindari. Konsultasikan dengan ahli gizi untuk alternatif.
699,Kelapa Hutan Kering,623.0,2.0,52.1,36.5,TIDAK_BISA,lemak 52.1g (melebihi batas 25g); kalori 623.0 kkal cukup tinggi untuk kondisi ini,Hindari. Konsultasikan dengan ahli gizi untuk alternatif.
700,Kelapa Muda Air,17.0,0.2,0.1,3.8,BISA,lemak 0.1g (di bawah batas 10g),Boleh dikonsumsi normal. Tetap perhatikan total porsi harian.
701,Kelapa Muda Daging,68.0,1.0,0.9,14.0,BISA,lemak 0.9g (di bawah batas 10g),Boleh dikonsumsi normal. Tetap perhatikan total porsi harian.
702,Kelapa Setengah Tua Daging,180.0,4.0,15.0,10.0,NETRAL,lemak 15.0g (zona netral 10–18g),"Konsumsi 1 porsi kecil (50–80g) per hari, tidak setiap hari."
703,Kelapa Tua Daging,359.0,3.4,34.7,14.0,TIDAK_BISA,lemak 34.7g (melebihi batas 25g),Hindari. Konsultasikan dengan ahli gizi untuk alternatif.
704,Kelepon,214.0,5.4,5.4,40.2,BISA,lemak 5.4g (di bawah batas 10g),Boleh dikonsumsi normal. Tetap perhatikan total porsi harian.
705,Kelewih,111.0,1.5,0.3,27.2,BISA,lemak 0.3g (di bawah batas 10g),Boleh dikonsumsi normal. Tetap perhatikan total porsi harian.
706,Kelinci Daging Segar,142.0,16.9,7.8,0.0,BISA,lemak 7.8g (di bawah batas 10g); protein 16.9g cukup tinggi membantu offset lemak,Boleh dikonsumsi normal. Tetap perhatikan total porsi harian.
707,Kemang,48.0,1.0,0.2,11.9,BISA,lemak 0.2g (di bawah batas 10g),Boleh dikonsumsi normal. Tetap perhatikan total porsi harian.
708,Kembang Tahu,380.0,48.9,13.8,23.3,NETRAL,lemak 13.8g (zona netral 10–18g); protein 48.9g cukup tinggi membantu offset lemak,"Konsumsi 1 porsi kecil (50–80g) per hari, tidak setiap hari."
709,Kembang Turi,44.0,1.8,0.6,9.6,BISA,lemak 0.6g (di bawah batas 10g),Boleh dikonsumsi normal. Tetap perhatikan total porsi harian.
710,Kemiri,636.0,19.0,63.0,8.0,TIDAK_BISA,lemak 63.0g (melebihi batas 25g); kalori 636.0 kkal cukup tinggi untuk kondisi ini,Hindari. Konsultasikan dengan ahli gizi untuk alternatif.
711,Kenari,657.0,15.0,66.0,13.0,TIDAK_BISA,lemak 66.0g (melebihi batas 25g); kalori 657.0 kkal cukup tinggi untuk kondisi ini,Hindari. Konsultasikan dengan ahli gizi untuk alternatif.
712,Kenari Banda Kering,616.0,13.9,56.2,13.7,TIDAK_BISA,lemak 56.2g (melebihi batas 25g); kalori 616.0 kkal cukup tinggi untuk kondisi ini,Hindari. Konsultasikan dengan ahli gizi untuk alternatif.
713,Kentang,83.0,2.0,0.1,19.1,BISA,lemak 0.1g (di bawah batas 10g),Boleh dikonsumsi normal. Tetap perhatikan total porsi harian.
714,Kentang Hitam,142.0,0.9,0.4,33.7,BISA,lemak 0.4g (di bawah batas 10g),Boleh dikonsumsi normal. Tetap perhatikan total porsi harian.
715,Keong,64.0,12.0,1.0,2.0,BISA,lemak 1.0g (di bawah batas 10g),Boleh dikonsumsi normal. Tetap perhatikan total porsi harian.
716,Kepala Susu (Krim),204.0,2.6,20.0,4.0,LIMIT,"lemak 20.0g (perlu dibatasi, batas aman 18g)","Batasi 1-2x per minggu, porsi sangat kecil (≤50g). Pilih metode masak rendah minyak."
717,Kepiting,151.0,13.8,3.8,14.1,BISA,lemak 3.8g (di bawah batas 10g),Boleh dikonsumsi normal. Tetap perhatikan total porsi harian.
718,Kerang,59.0,18.0,1.1,3.6,BISA,lemak 1.1g (di bawah batas 10g); protein 18.0g cukup tinggi membantu offset lemak,Boleh dikonsumsi normal. Tetap perhatikan total porsi harian.
719,Kerang Asap Mentah,393.0,38.9,13.3,29.4,NETRAL,lemak 13.3g (zona netral 10–18g); protein 38.9g cukup tinggi membantu offset lemak,"Konsumsi 1 porsi kecil (50–80g) per hari, tidak setiap hari."
720,Kerang Dendeng Mentah,357.0,41.1,10.0,25.6,BISA,lemak 10.0g (di bawah batas 10g); protein 41.1g cukup tinggi membantu offset lemak,Boleh dikonsumsi normal. Tetap perhatikan total porsi harian.
721,Kerbau Daging Segar,79.0,18.7,0.5,0.0,BISA,lemak 0.5g (di bawah batas 10g); protein 18.7g cukup tinggi membantu offset lemak,Boleh dikonsumsi normal. Tetap perhatikan total porsi harian.
722,Keremes,475.0,1.6,25.5,64.4,TIDAK_BISA,lemak 25.5g (melebihi batas 25g); kalori 475.0 kkal cukup tinggi untuk kondisi ini,Hindari. Konsultasikan dengan ahli gizi untuk alternatif.
723,Keribang Ubi Segar,137.0,1.3,1.1,29.8,BISA,lemak 1.1g (di bawah batas 10g),Boleh dikonsumsi normal. Tetap perhatikan total porsi harian.
724,Keripik Bayam,586.0,4.9,40.6,50.2,TIDAK_BISA,lemak 40.6g (melebihi batas 25g); kalori 586.0 kkal cukup tinggi untuk kondisi ini,Hindari. Konsultasikan dengan ahli gizi untuk alternatif.
725,Keripik Gadung,446.0,2.8,14.5,76.0,NETRAL,lemak 14.5g (zona netral 10–18g); kalori 446.0 kkal cukup tinggi untuk kondisi ini,"Konsumsi 1 porsi kecil (50–80g) per hari, tidak setiap hari."
726,Keripik Kentang,448.0,2.7,18.8,67.1,LIMIT,"lemak 18.8g (perlu dibatasi, batas aman 18g); kalori 448.0 kkal cukup tinggi untuk kondisi ini","Batasi 1-2x per minggu, porsi sangat kecil (≤50g). Pilih metode masak rendah minyak."
727,Keripik Lampung,485.0,1.7,22.2,69.7,LIMIT,"lemak 22.2g (perlu dibatasi, batas aman 18g); kalori 485.0 kkal cukup tinggi untuk kondisi ini","Batasi 1-2x per minggu, porsi sangat kecil (≤50g). Pilih metode masak rendah minyak."
728,Keripik Oncom,598.0,8.3,43.8,42.6,TIDAK_BISA,lemak 43.8g (melebihi batas 25g); kalori 598.0 kkal cukup tinggi untuk kondisi ini,Hindari. Konsultasikan dengan ahli gizi untuk alternatif.
729,Keripik Singkong,478.0,0.9,20.7,72.0,LIMIT,"lemak 20.7g (perlu dibatasi, batas aman 18g); kalori 478.0 kkal cukup tinggi untuk kondisi ini","Batasi 1-2x per minggu, porsi sangat kecil (≤50g). Pilih metode masak rendah minyak."
730,Keripik Singkong Berbumbu,481.0,2.2,19.7,73.6,LIMIT,"lemak 19.7g (perlu dibatasi, batas aman 18g); kalori 481.0 kkal cukup tinggi untuk kondisi ini","Batasi 1-2x per minggu, porsi sangat kecil (≤50g). Pilih metode masak rendah minyak."
731,Keripik Tempe,581.0,12.1,40.6,41.7,TIDAK_BISA,lemak 40.6g (melebihi batas 25g); kalori 581.0 kkal cukup tinggi untuk kondisi ini,Hindari. Konsultasikan dengan ahli gizi untuk alternatif.
732,Keripik Tempe Abadi Murni,542.0,40.3,42.4,11.6,TIDAK_BISA,lemak 42.4g (melebihi batas 25g); kalori 542.0 kkal cukup tinggi untuk kondisi ini,Hindari. Konsultasikan dengan ahli gizi untuk alternatif.
733,Keripik Tempe Abadi Sedang,510.0,12.3,27.9,52.4,TIDAK_BISA,lemak 27.9g (melebihi batas 25g); kalori 510.0 kkal cukup tinggi untuk kondisi ini,Hindari. Konsultasikan dengan ahli gizi untuk alternatif.
734,Keripik Tempe Abadi Telur,529.0,20.8,31.7,40.2,TIDAK_BISA,lemak 31.7g (melebihi batas 25g); kalori 529.0 kkal cukup tinggi untuk kondisi ini,Hindari. Konsultasikan dengan ahli gizi untuk alternatif.
735,Keripik Ubi,486.0,0.2,23.9,67.6,LIMIT,"lemak 23.9g (perlu dibatasi, batas aman 18g); kalori 486.0 kkal cukup tinggi untuk kondisi ini","Batasi 1-2x per minggu, porsi sangat kecil (≤50g). Pilih metode masak rendah minyak."
736,Kerokot Segar,26.0,1.7,0.4,3.8,BISA,lemak 0.4g (di bawah batas 10g),Boleh dikonsumsi normal. Tetap perhatikan total porsi harian.
737,Kerupuk Aci,350.0,0.5,0.2,85.9,BISA,lemak 0.2g (di bawah batas 10g),Boleh dikonsumsi normal. Tetap perhatikan total porsi harian.
738,Kerupuk Cumi Goreng,444.0,6.9,14.6,71.3,NETRAL,lemak 14.6g (zona netral 10–18g); kalori 444.0 kkal cukup tinggi untuk kondisi ini,"Konsumsi 1 porsi kecil (50–80g) per hari, tidak setiap hari."
739,Kerupuk Ikan Berpati,342.0,16.0,0.4,65.6,BISA,lemak 0.4g (di bawah batas 10g); protein 16.0g cukup tinggi membantu offset lemak,Boleh dikonsumsi normal. Tetap perhatikan total porsi harian.
740,Kerupuk Kemplang  (Ikan) Mentah,325.0,1.8,0.4,78.5,BISA,lemak 0.4g (di bawah batas 10g),Boleh dikonsumsi normal. Tetap perhatikan total porsi harian.
741,Kerupuk Kemplang Goreng,504.0,5.6,28.1,57.1,TIDAK_BISA,lemak 28.1g (melebihi batas 25g); kalori 504.0 kkal cukup tinggi untuk kondisi ini,Hindari. Konsultasikan dengan ahli gizi untuk alternatif.
742,Kerupuk Kemplang Panggang,356.0,9.7,1.1,76.9,BISA,lemak 1.1g (di bawah batas 10g),Boleh dikonsumsi normal. Tetap perhatikan total porsi harian.
743,Kerupuk Kulit Kerbau,422.0,83.0,4.0,0.0,NETRAL,lemak 4.0g (di bawah batas 10g); kalori 422.0 kkal cukup tinggi untuk kondisi ini; protein 83.0g cukup tinggi membantu offset lemak,"Konsumsi 1 porsi kecil (50–80g) per hari, tidak setiap hari."
744,Kerupuk Melinjo Mentah,345.0,12.0,1.5,71.5,BISA,lemak 1.5g (di bawah batas 10g),Boleh dikonsumsi normal. Tetap perhatikan total porsi harian.
745,Kerupuk Melinjo Tebal Goreng Asin,431.0,11.1,16.2,63.0,NETRAL,lemak 16.2g (zona netral 10–18g); kalori 431.0 kkal cukup tinggi untuk kondisi ini,"Konsumsi 1 porsi kecil (50–80g) per hari, tidak setiap hari."
746,Kerupuk Melinjo Tebal Goreng Manis,439.0,10.0,16.4,65.7,NETRAL,lemak 16.4g (zona netral 10–18g); kalori 439.0 kkal cukup tinggi untuk kondisi ini,"Konsumsi 1 porsi kecil (50–80g) per hari, tidak setiap hari."
747,Kerupuk Melinjo Tipis Goreng,485.0,11.5,24.5,59.1,LIMIT,"lemak 24.5g (perlu dibatasi, batas aman 18g); kalori 485.0 kkal cukup tinggi untuk kondisi ini","Batasi 1-2x per minggu, porsi sangat kecil (≤50g). Pilih metode masak rendah minyak."
748,Kerupuk Mie Kuning Goreng,476.0,0.1,21.1,71.3,LIMIT,"lemak 21.1g (perlu dibatasi, batas aman 18g); kalori 476.0 kkal cukup tinggi untuk kondisi ini","Batasi 1-2x per minggu, porsi sangat kecil (≤50g). Pilih metode masak rendah minyak."
749,Kerupuk Sayong,46.7,17.3,17.3,81.3,NETRAL,lemak 17.3g (zona netral 10–18g); protein 17.3g cukup tinggi membantu offset lemak,"Konsumsi 1 porsi kecil (50–80g) per hari, tidak setiap hari."
750,Kerupuk Udang,340.0,30.0,30.0,52.0,TIDAK_BISA,lemak 30.0g (melebihi batas 25g),Hindari. Konsultasikan dengan ahli gizi untuk alternatif.
751,Kerupuk Udang Berpati,359.0,17.2,68.2,332.0,TIDAK_BISA,lemak 68.2g (melebihi batas 25g),Hindari. Konsultasikan dengan ahli gizi untuk alternatif.
752,Kerupuk Udang Goreng,477.0,4.7,20.5,68.5,LIMIT,"lemak 20.5g (perlu dibatasi, batas aman 18g); kalori 477.0 kkal cukup tinggi untuk kondisi ini","Batasi 1-2x per minggu, porsi sangat kecil (≤50g). Pilih metode masak rendah minyak."
753,Kerupuk Urat,588.0,53.7,40.9,1.2,TIDAK_BISA,lemak 40.9g (melebihi batas 25g); kalori 588.0 kkal cukup tinggi untuk kondisi ini,Hindari. Konsultasikan dengan ahli gizi untuk alternatif.
754,Kesemek,78.0,0.8,0.4,20.0,BISA,lemak 0.4g (di bawah batas 10g),Boleh dikonsumsi normal. Tetap perhatikan total porsi harian.
755,Ketan Hitam Matang,181.0,4.0,1.2,37.3,BISA,lemak 1.2g (di bawah batas 10g),Boleh dikonsumsi normal. Tetap perhatikan total porsi harian.
756,Ketan Putih Matang,163.0,3.0,0.4,35.7,BISA,lemak 0.4g (di bawah batas 10g),Boleh dikonsumsi normal. Tetap perhatikan total porsi harian.
757,Ketapang,340.0,11.0,11.0,54.0,NETRAL,lemak 11.0g (zona netral 10–18g),"Konsumsi 1 porsi kecil (50–80g) per hari, tidak setiap hari."
758,Ketela Pohon Kuning,157.0,0.8,0.3,37.9,BISA,lemak 0.3g (di bawah batas 10g),Boleh dikonsumsi normal. Tetap perhatikan total porsi harian.
759,Ketela Singkong Segar,154.0,1.0,0.3,36.8,BISA,lemak 0.3g (di bawah batas 10g),Boleh dikonsumsi normal. Tetap perhatikan total porsi harian.
760,Ketela Pohon/Singkong Kukus,153.0,1.2,0.3,36.4,BISA,lemak 0.3g (di bawah batas 10g),Boleh dikonsumsi normal. Tetap perhatikan total porsi harian.
761,Ketimun,12.0,0.7,0.1,2.7,BISA,lemak 0.1g (di bawah batas 10g),Boleh dikonsumsi normal. Tetap perhatikan total porsi harian.
762,Ketimun Madura Segar,9.0,0.5,0.1,1.9,BISA,lemak 0.1g (di bawah batas 10g),Boleh dikonsumsi normal. Tetap perhatikan total porsi harian.
763,Ketoprak,153.0,7.9,7.7,13.0,BISA,lemak 7.7g (di bawah batas 10g),Boleh dikonsumsi normal. Tetap perhatikan total porsi harian.
764,Ketumbar,404.0,14.1,16.1,54.2,NETRAL,lemak 16.1g (zona netral 10–18g); kalori 404.0 kkal cukup tinggi untuk kondisi ini,"Konsumsi 1 porsi kecil (50–80g) per hari, tidak setiap hari."
765,Ketupat Ketan,212.0,4.0,4.6,38.6,BISA,lemak 4.6g (di bawah batas 10g),Boleh dikonsumsi normal. Tetap perhatikan total porsi harian.
766,Ketupat Tahu,109.6,2.6,2.6,18.6,BISA,lemak 2.6g (di bawah batas 10g),Boleh dikonsumsi normal. Tetap perhatikan total porsi harian.
767,Kluwek,310.0,10.0,24.0,13.5,LIMIT,"lemak 24.0g (perlu dibatasi, batas aman 18g)","Batasi 1-2x per minggu, porsi sangat kecil (≤50g). Pilih metode masak rendah minyak."
768,Kodok Segar,73.0,16.4,0.3,0.0,BISA,lemak 0.3g (di bawah batas 10g); protein 16.4g cukup tinggi membantu offset lemak,Boleh dikonsumsi normal. Tetap perhatikan total porsi harian.
769,Kokosan,86.0,1.6,0.2,13.0,BISA,lemak 0.2g (di bawah batas 10g),Boleh dikonsumsi normal. Tetap perhatikan total porsi harian.
770,Komak Polong Segar,99.0,3.3,0.1,21.2,BISA,lemak 0.1g (di bawah batas 10g),Boleh dikonsumsi normal. Tetap perhatikan total porsi harian.
771,Kool Kembang,25.0,2.4,0.2,4.9,BISA,lemak 0.2g (di bawah batas 10g),Boleh dikonsumsi normal. Tetap perhatikan total porsi harian.
772,Kool Merah Kool Putih,24.0,1.4,0.2,5.3,BISA,lemak 0.2g (di bawah batas 10g),Boleh dikonsumsi normal. Tetap perhatikan total porsi harian.
773,Kopi Bagian Yang Larut,352.0,17.4,1.3,69.0,BISA,lemak 1.3g (di bawah batas 10g); protein 17.4g cukup tinggi membantu offset lemak,Boleh dikonsumsi normal. Tetap perhatikan total porsi harian.
774,Kopi Bubuk Instant,129.0,12.3,0.5,35.0,BISA,lemak 0.5g (di bawah batas 10g),Boleh dikonsumsi normal. Tetap perhatikan total porsi harian.
775,Koro Andong Kering,356.0,20.5,4.1,61.6,BISA,lemak 4.1g (di bawah batas 10g); protein 20.5g cukup tinggi membantu offset lemak,Boleh dikonsumsi normal. Tetap perhatikan total porsi harian.
776,Koro Benguk Biji,332.0,24.0,3.0,55.0,BISA,lemak 3.0g (di bawah batas 10g); protein 24.0g cukup tinggi membantu offset lemak,Boleh dikonsumsi normal. Tetap perhatikan total porsi harian.
777,Koro Benguk Tempe,141.0,10.2,1.3,23.2,BISA,lemak 1.3g (di bawah batas 10g),Boleh dikonsumsi normal. Tetap perhatikan total porsi harian.
778,Koro Kerupuk Biji,125.0,8.3,0.7,22.1,BISA,lemak 0.7g (di bawah batas 10g),Boleh dikonsumsi normal. Tetap perhatikan total porsi harian.
779,Koro Loke Biji,33.0,2.7,0.2,7.9,BISA,lemak 0.2g (di bawah batas 10g),Boleh dikonsumsi normal. Tetap perhatikan total porsi harian.
780,Koro Roway Biji,344.0,12.5,2.1,69.4,BISA,lemak 2.1g (di bawah batas 10g),Boleh dikonsumsi normal. Tetap perhatikan total porsi harian.
781,Koro Wedus Biji,338.0,22.2,1.5,61.0,BISA,lemak 1.5g (di bawah batas 10g); protein 22.2g cukup tinggi membantu offset lemak,Boleh dikonsumsi normal. Tetap perhatikan total porsi harian.
782,Koro Wedus Buah Muda,38.0,3.0,0.3,7.9,BISA,lemak 0.3g (di bawah batas 10g),Boleh dikonsumsi normal. Tetap perhatikan total porsi harian.
783,Koro Wedus Polong,46.0,3.0,0.3,7.9,BISA,lemak 0.3g (di bawah batas 10g),Boleh dikonsumsi normal. Tetap perhatikan total porsi harian.
784,Kotiu Hinela Tawang Nggole,46.0,2.2,1.5,6.0,BISA,lemak 1.5g (di bawah batas 10g),Boleh dikonsumsi normal. Tetap perhatikan total porsi harian.
785,Koya,366.0,4.2,4.3,77.5,BISA,lemak 4.3g (di bawah batas 10g),Boleh dikonsumsi normal. Tetap perhatikan total porsi harian.
786,Koya Mirasa,370.0,8.0,1.0,82.2,BISA,lemak 1.0g (di bawah batas 10g),Boleh dikonsumsi normal. Tetap perhatikan total porsi harian.
787,Kranji Segar,315.0,2.1,1.4,73.5,BISA,lemak 1.4g (di bawah batas 10g),Boleh dikonsumsi normal. Tetap perhatikan total porsi harian.
788,Kripik Tempe Goreng,542.0,40.3,42.4,11.5,TIDAK_BISA,lemak 42.4g (melebihi batas 25g); kalori 542.0 kkal cukup tinggi untuk kondisi ini,Hindari. Konsultasikan dengan ahli gizi untuk alternatif.
789,Krokot,21.0,1.7,0.4,3.8,BISA,lemak 0.4g (di bawah batas 10g),Boleh dikonsumsi normal. Tetap perhatikan total porsi harian.
790,Kucai,45.0,2.2,0.3,10.3,BISA,lemak 0.3g (di bawah batas 10g),Boleh dikonsumsi normal. Tetap perhatikan total porsi harian.
791,Kucai Muda (Lokio),42.0,3.8,0.6,7.8,BISA,lemak 0.6g (di bawah batas 10g),Boleh dikonsumsi normal. Tetap perhatikan total porsi harian.
792,Kuda Daging Segar,113.0,18.1,4.1,0.9,BISA,lemak 4.1g (di bawah batas 10g); protein 18.1g cukup tinggi membantu offset lemak,Boleh dikonsumsi normal. Tetap perhatikan total porsi harian.
793,Kue Ali,440.0,3.8,18.5,64.5,LIMIT,"lemak 18.5g (perlu dibatasi, batas aman 18g); kalori 440.0 kkal cukup tinggi untuk kondisi ini","Batasi 1-2x per minggu, porsi sangat kecil (≤50g). Pilih metode masak rendah minyak."
794,Kue Apem,186.7,1.6,1.6,39.6,BISA,lemak 1.6g (di bawah batas 10g),Boleh dikonsumsi normal. Tetap perhatikan total porsi harian.
795,Kue Bangket,338.0,1.5,1.2,80.3,BISA,lemak 1.2g (di bawah batas 10g),Boleh dikonsumsi normal. Tetap perhatikan total porsi harian.
796,Kue Bugis,240.0,1.0,4.0,54.0,BISA,lemak 4.0g (di bawah batas 10g),Boleh dikonsumsi normal. Tetap perhatikan total porsi harian.
797,Kue Jahe,425.0,1.6,8.8,84.6,NETRAL,lemak 8.8g (di bawah batas 10g); kalori 425.0 kkal cukup tinggi untuk kondisi ini,"Konsumsi 1 porsi kecil (50–80g) per hari, tidak setiap hari."
798,Kue Kelapa,591.0,5.6,42.1,47.5,TIDAK_BISA,lemak 42.1g (melebihi batas 25g); kalori 591.0 kkal cukup tinggi untuk kondisi ini,Hindari. Konsultasikan dengan ahli gizi untuk alternatif.
799,Kue Koya,366.0,4.2,4.3,7.9,BISA,lemak 4.3g (di bawah batas 10g),Boleh dikonsumsi normal. Tetap perhatikan total porsi harian.
800,Kue Lumpur,291.0,3.6,11.1,44.1,NETRAL,lemak 11.1g (zona netral 10–18g),"Konsumsi 1 porsi kecil (50–80g) per hari, tidak setiap hari."
801,Kue Mangkok,182.0,1.0,1.0,40.4,BISA,lemak 1.0g (di bawah batas 10g),Boleh dikonsumsi normal. Tetap perhatikan total porsi harian.
802,Kue Pacar Cina,126.7,0.7,0.7,57.3,BISA,lemak 0.7g (di bawah batas 10g),Boleh dikonsumsi normal. Tetap perhatikan total porsi harian.
803,Kue Pia,296.0,1.4,1.4,66.4,BISA,lemak 1.4g (di bawah batas 10g),Boleh dikonsumsi normal. Tetap perhatikan total porsi harian.
804,Kue Putu Cangkir,304.0,5.3,7.0,54.9,BISA,lemak 7.0g (di bawah batas 10g),Boleh dikonsumsi normal. Tetap perhatikan total porsi harian.
805,Kue Putu Singkong,217.0,1.2,0.5,53.2,BISA,lemak 0.5g (di bawah batas 10g),Boleh dikonsumsi normal. Tetap perhatikan total porsi harian.
806,Kue Satu,393.3,2.7,2.7,79.3,BISA,lemak 2.7g (di bawah batas 10g),Boleh dikonsumsi normal. Tetap perhatikan total porsi harian.
807,Kue Semprong,380.0,1.0,1.0,92.0,BISA,lemak 1.0g (di bawah batas 10g),Boleh dikonsumsi normal. Tetap perhatikan total porsi harian.
808,Kue Sus,221.0,7.5,10.2,24.8,NETRAL,lemak 10.2g (zona netral 10–18g),"Konsumsi 1 porsi kecil (50–80g) per hari, tidak setiap hari."
809,Kue Talam,180.0,5.0,5.0,32.0,BISA,lemak 5.0g (di bawah batas 10g),Boleh dikonsumsi normal. Tetap perhatikan total porsi harian.
810,Kue Tambang,512.0,26.0,26.0,60.4,TIDAK_BISA,lemak 26.0g (melebihi batas 25g); kalori 512.0 kkal cukup tinggi untuk kondisi ini,Hindari. Konsultasikan dengan ahli gizi untuk alternatif.
811,Kue Thipan,247.0,2.9,4.2,49.5,BISA,lemak 4.2g (di bawah batas 10g),Boleh dikonsumsi normal. Tetap perhatikan total porsi harian.
812,Kulit Melinjo,111.0,4.5,1.1,20.7,BISA,lemak 1.1g (di bawah batas 10g),Boleh dikonsumsi normal. Tetap perhatikan total porsi harian.
813,Kundur Segar,22.0,0.4,0.2,4.7,BISA,lemak 0.2g (di bawah batas 10g),Boleh dikonsumsi normal. Tetap perhatikan total porsi harian.
814,Kunyit,63.0,2.0,2.7,9.1,BISA,lemak 2.7g (di bawah batas 10g),Boleh dikonsumsi normal. Tetap perhatikan total porsi harian.
815,Kura-Kura,83.0,19.1,0.2,0.0,BISA,lemak 0.2g (di bawah batas 10g); protein 19.1g cukup tinggi membantu offset lemak,Boleh dikonsumsi normal. Tetap perhatikan total porsi harian.
816,Kwaci,515.0,30.6,42.1,13.8,TIDAK_BISA,lemak 42.1g (melebihi batas 25g); kalori 515.0 kkal cukup tinggi untuk kondisi ini,Hindari. Konsultasikan dengan ahli gizi untuk alternatif.
817,Kwark (Quark),242.0,19.0,17.0,3.0,NETRAL,lemak 17.0g (zona netral 10–18g); protein 19.0g cukup tinggi membantu offset lemak,"Konsumsi 1 porsi kecil (50–80g) per hari, tidak setiap hari."
818,Labu Air,17.0,0.6,0.2,3.8,BISA,lemak 0.2g (di bawah batas 10g),Boleh dikonsumsi normal. Tetap perhatikan total porsi harian.
819,Labu Kuning Segar,51.0,1.7,0.5,10.0,BISA,lemak 0.5g (di bawah batas 10g),Boleh dikonsumsi normal. Tetap perhatikan total porsi harian.
820,Labu Siam,26.0,0.6,0.1,6.7,BISA,lemak 0.1g (di bawah batas 10g),Boleh dikonsumsi normal. Tetap perhatikan total porsi harian.
821,Labu Waluh Segar,32.0,1.1,0.1,6.6,BISA,lemak 0.1g (di bawah batas 10g),Boleh dikonsumsi normal. Tetap perhatikan total porsi harian.
822,Laksa,166.3,2.7,3.9,29.5,BISA,lemak 3.9g (di bawah batas 10g),Boleh dikonsumsi normal. Tetap perhatikan total porsi harian.
823,Lamtoro (Pete Cina) Biji Muda,85.0,5.7,0.3,15.4,BISA,lemak 0.3g (di bawah batas 10g),Boleh dikonsumsi normal. Tetap perhatikan total porsi harian.
824,Lamtoro Biji Tua,148.0,10.6,0.5,26.2,BISA,lemak 0.5g (di bawah batas 10g),Boleh dikonsumsi normal. Tetap perhatikan total porsi harian.
825,Lamtoro Tempe,142.0,11.0,2.5,20.4,BISA,lemak 2.5g (di bawah batas 10g),Boleh dikonsumsi normal. Tetap perhatikan total porsi harian.
826,Lamtoro Var. Gung Tanpa Kulit,367.0,46.4,5.4,32.5,BISA,lemak 5.4g (di bawah batas 10g); protein 46.4g cukup tinggi membantu offset lemak,Boleh dikonsumsi normal. Tetap perhatikan total porsi harian.
827,Lamtoro Var. Lokal Dengan Kulit,336.0,23.8,1.2,59.7,BISA,lemak 1.2g (di bawah batas 10g); protein 23.8g cukup tinggi membantu offset lemak,Boleh dikonsumsi normal. Tetap perhatikan total porsi harian.
828,Langsat,56.0,0.9,0.2,14.3,BISA,lemak 0.2g (di bawah batas 10g),Boleh dikonsumsi normal. Tetap perhatikan total porsi harian.
829,Lantar Segar,34.0,2.2,0.3,5.5,BISA,lemak 0.3g (di bawah batas 10g),Boleh dikonsumsi normal. Tetap perhatikan total porsi harian.
830,Lanting Getuk,422.0,0.9,10.8,80.4,NETRAL,lemak 10.8g (zona netral 10–18g); kalori 422.0 kkal cukup tinggi untuk kondisi ini,"Konsumsi 1 porsi kecil (50–80g) per hari, tidak setiap hari."
831,Lapis Legit,389.0,6.6,15.7,55.5,NETRAL,lemak 15.7g (zona netral 10–18g),"Konsumsi 1 porsi kecil (50–80g) per hari, tidak setiap hari."
832,Lawar Babi Masakan,174.0,17.0,10.0,3.0,BISA,lemak 10.0g (di bawah batas 10g); protein 17.0g cukup tinggi membantu offset lemak,Boleh dikonsumsi normal. Tetap perhatikan total porsi harian.
833,Lawar Penyu Masakan,141.0,23.0,1.5,7.6,BISA,lemak 1.5g (di bawah batas 10g); protein 23.0g cukup tinggi membantu offset lemak,Boleh dikonsumsi normal. Tetap perhatikan total porsi harian.
834,Lawara Jangang Masakan,159.0,5.0,10.9,10.1,NETRAL,lemak 10.9g (zona netral 10–18g),"Konsumsi 1 porsi kecil (50–80g) per hari, tidak setiap hari."
835,Lawara Penjah Masakan,207.0,7.4,15.4,9.6,NETRAL,lemak 15.4g (zona netral 10–18g),"Konsumsi 1 porsi kecil (50–80g) per hari, tidak setiap hari."
836,Ledre Pisang,405.0,4.8,5.1,84.9,NETRAL,lemak 5.1g (di bawah batas 10g); kalori 405.0 kkal cukup tinggi untuk kondisi ini,"Konsumsi 1 porsi kecil (50–80g) per hari, tidak setiap hari."
837,Lema/ Rebung Asam,15.0,1.0,0.4,1.9,BISA,lemak 0.4g (di bawah batas 10g),Boleh dikonsumsi normal. Tetap perhatikan total porsi harian.
838,Lemak Babi,902.0,0.0,100.0,0.0,TIDAK_BISA,lemak 100.0g (melebihi batas 25g); kalori 902.0 kkal cukup tinggi untuk kondisi ini,Hindari. Konsultasikan dengan ahli gizi untuk alternatif.
839,Lemak Babi (Bacon),630.0,9.1,65.0,1.1,TIDAK_BISA,lemak 65.0g (melebihi batas 25g); kalori 630.0 kkal cukup tinggi untuk kondisi ini,Hindari. Konsultasikan dengan ahli gizi untuk alternatif.
840,Lemak Ikan,372.0,12.0,29.4,14.4,TIDAK_BISA,lemak 29.4g (melebihi batas 25g),Hindari. Konsultasikan dengan ahli gizi untuk alternatif.
841,Lemak Kerbau,818.0,1.5,90.0,0.0,TIDAK_BISA,lemak 90.0g (melebihi batas 25g); kalori 818.0 kkal cukup tinggi untuk kondisi ini,Hindari. Konsultasikan dengan ahli gizi untuk alternatif.
842,Lemon Segar,34.0,0.5,0.8,6.2,BISA,lemak 0.8g (di bawah batas 10g),Boleh dikonsumsi normal. Tetap perhatikan total porsi harian.
843,Lemon Squasih,36.0,0.0,0.0,10.0,BISA,lemak 0.0g (di bawah batas 10g),Boleh dikonsumsi normal. Tetap perhatikan total porsi harian.
844,Lemonade,30.0,0.0,0.0,8.0,BISA,lemak 0.0g (di bawah batas 10g),Boleh dikonsumsi normal. Tetap perhatikan total porsi harian.
845,Lemper,221.3,3.8,3.6,43.4,BISA,lemak 3.6g (di bawah batas 10g),Boleh dikonsumsi normal. Tetap perhatikan total porsi harian.
846,Lempog Durian,320.0,3.5,5.7,63.7,BISA,lemak 5.7g (di bawah batas 10g),Boleh dikonsumsi normal. Tetap perhatikan total porsi harian.
847,Lepok/Ubi Rumput,181.0,2.8,1.2,39.8,BISA,lemak 1.2g (di bawah batas 10g),Boleh dikonsumsi normal. Tetap perhatikan total porsi harian.
848,Leunca Buah,33.0,1.9,0.1,7.4,BISA,lemak 0.1g (di bawah batas 10g),Boleh dikonsumsi normal. Tetap perhatikan total porsi harian.
849,Leupeut Ketan,240.0,7.8,0.5,51.3,BISA,lemak 0.5g (di bawah batas 10g),Boleh dikonsumsi normal. Tetap perhatikan total porsi harian.
850,Leverwost (Sosis Hati),387.0,16.0,22.0,3.0,NETRAL,"lemak 22.0g (perlu dibatasi, batas aman 18g); protein 16.0g cukup tinggi membantu offset lemak","Konsumsi 1 porsi kecil (50–80g) per hari, tidak setiap hari."
851,Lilin Bungkus Gedi,79.0,2.3,5.2,5.8,BISA,lemak 5.2g (di bawah batas 10g),Boleh dikonsumsi normal. Tetap perhatikan total porsi harian.
852,Lobak,19.0,0.9,0.1,4.2,BISA,lemak 0.1g (di bawah batas 10g),Boleh dikonsumsi normal. Tetap perhatikan total porsi harian.
853,Lokan Segar,217.0,11.0,1.7,5.1,BISA,lemak 1.7g (di bawah batas 10g),Boleh dikonsumsi normal. Tetap perhatikan total porsi harian.
854,Lontar Segar,27.0,0.4,0.2,6.0,BISA,lemak 0.2g (di bawah batas 10g),Boleh dikonsumsi normal. Tetap perhatikan total porsi harian.
855,Lopis,163.3,2.8,2.2,33.0,BISA,lemak 2.2g (di bawah batas 10g),Boleh dikonsumsi normal. Tetap perhatikan total porsi harian.
856,Lumai/Leunca Segar,38.0,1.1,0.3,7.6,BISA,lemak 0.3g (di bawah batas 10g),Boleh dikonsumsi normal. Tetap perhatikan total porsi harian.
857,Lupis Ketan,164.0,1.8,2.1,34.5,BISA,lemak 2.1g (di bawah batas 10g),Boleh dikonsumsi normal. Tetap perhatikan total porsi harian.
858,Madu,294.0,0.3,0.0,79.5,BISA,lemak 0.0g (di bawah batas 10g),Boleh dikonsumsi normal. Tetap perhatikan total porsi harian.
859,Maizena Tepung,341.0,0.3,0.0,85.0,BISA,lemak 0.0g (di bawah batas 10g),Boleh dikonsumsi normal. Tetap perhatikan total porsi harian.
860,Makaroni,363.0,8.7,0.4,78.7,BISA,lemak 0.4g (di bawah batas 10g),Boleh dikonsumsi normal. Tetap perhatikan total porsi harian.
861,Mangga Benggala Segar,63.0,2.4,0.4,12.4,BISA,lemak 0.4g (di bawah batas 10g),Boleh dikonsumsi normal. Tetap perhatikan total porsi harian.
862,Mangga Gedong,44.0,0.7,0.2,11.2,BISA,lemak 0.2g (di bawah batas 10g),Boleh dikonsumsi normal. Tetap perhatikan total porsi harian.
863,Mangga Golek,63.0,0.5,0.2,16.7,BISA,lemak 0.2g (di bawah batas 10g),Boleh dikonsumsi normal. Tetap perhatikan total porsi harian.
864,Mangga Harum Manis,46.0,0.4,0.2,11.9,BISA,lemak 0.2g (di bawah batas 10g),Boleh dikonsumsi normal. Tetap perhatikan total porsi harian.
865,Mangga Indramayu,72.0,0.8,0.2,18.7,BISA,lemak 0.2g (di bawah batas 10g),Boleh dikonsumsi normal. Tetap perhatikan total porsi harian.
866,Mangga Kopek,56.0,0.4,0.2,14.6,BISA,lemak 0.2g (di bawah batas 10g),Boleh dikonsumsi normal. Tetap perhatikan total porsi harian.
867,Mangga Kwini Segar,86.0,0.7,0.5,19.8,BISA,lemak 0.5g (di bawah batas 10g),Boleh dikonsumsi normal. Tetap perhatikan total porsi harian.
868,Mangga Manalagi Segar,133.0,1.0,0.1,32.1,BISA,lemak 0.1g (di bawah batas 10g),Boleh dikonsumsi normal. Tetap perhatikan total porsi harian.
869,Mangga Muda,59.0,0.5,0.4,15.1,BISA,lemak 0.4g (di bawah batas 10g),Boleh dikonsumsi normal. Tetap perhatikan total porsi harian.
870,Mangga Segar,52.0,0.7,0.0,12.3,BISA,lemak 0.0g (di bawah batas 10g),Boleh dikonsumsi normal. Tetap perhatikan total porsi harian.
871,Manggis,63.0,0.6,0.6,15.6,BISA,lemak 0.6g (di bawah batas 10g),Boleh dikonsumsi normal. Tetap perhatikan total porsi harian.
872,Margarin,720.0,0.6,81.0,0.4,TIDAK_BISA,lemak 81.0g (melebihi batas 25g); kalori 720.0 kkal cukup tinggi untuk kondisi ini,Hindari. Konsultasikan dengan ahli gizi untuk alternatif.
873,Markisa Segar,144.0,3.5,1.2,29.8,BISA,lemak 1.2g (di bawah batas 10g),Boleh dikonsumsi normal. Tetap perhatikan total porsi harian.
874,Markisa Squash,217.0,2.5,1.0,49.6,BISA,lemak 1.0g (di bawah batas 10g),Boleh dikonsumsi normal. Tetap perhatikan total porsi harian.
875,Markisa Squash Bd,104.0,1.2,0.5,23.7,BISA,lemak 0.5g (di bawah batas 10g),Boleh dikonsumsi normal. Tetap perhatikan total porsi harian.
876,Martabak  Manis,265.3,4.7,5.5,49.3,BISA,lemak 5.5g (di bawah batas 10g),Boleh dikonsumsi normal. Tetap perhatikan total porsi harian.
877,Martabak India,153.0,4.5,4.2,24.3,BISA,lemak 4.2g (di bawah batas 10g),Boleh dikonsumsi normal. Tetap perhatikan total porsi harian.
878,Martabak Mesir,278.0,5.1,8.6,45.0,BISA,lemak 8.6g (di bawah batas 10g),Boleh dikonsumsi normal. Tetap perhatikan total porsi harian.
879,Martabak Telur,200.0,8.9,5.1,29.5,BISA,lemak 5.1g (di bawah batas 10g),Boleh dikonsumsi normal. Tetap perhatikan total porsi harian.
880,Masekat,369.0,2.1,7.0,74.1,BISA,lemak 7.0g (di bawah batas 10g),Boleh dikonsumsi normal. Tetap perhatikan total porsi harian.
881,Matoa Segar,90.0,1.2,0.1,21.1,BISA,lemak 0.1g (di bawah batas 10g),Boleh dikonsumsi normal. Tetap perhatikan total porsi harian.
882,Melase,276.0,0.0,0.1,71.0,BISA,lemak 0.1g (di bawah batas 10g),Boleh dikonsumsi normal. Tetap perhatikan total porsi harian.
883,Melinjo,66.0,5.0,0.7,13.3,BISA,lemak 0.7g (di bawah batas 10g),Boleh dikonsumsi normal. Tetap perhatikan total porsi harian.
884,Melon Segar,37.0,0.6,0.4,7.8,BISA,lemak 0.4g (di bawah batas 10g),Boleh dikonsumsi normal. Tetap perhatikan total porsi harian.
885,Menjangan Daging Dendeng Mentah,322.0,55.8,2.0,22.7,BISA,lemak 2.0g (di bawah batas 10g); protein 55.8g cukup tinggi membantu offset lemak,Boleh dikonsumsi normal. Tetap perhatikan total porsi harian.
886,Mentega,725.0,0.5,81.6,1.4,TIDAK_BISA,lemak 81.6g (melebihi batas 25g); kalori 725.0 kkal cukup tinggi untuk kondisi ini,Hindari. Konsultasikan dengan ahli gizi untuk alternatif.
887,Menteng,65.0,1.7,0.2,16.1,BISA,lemak 0.2g (di bawah batas 10g),Boleh dikonsumsi normal. Tetap perhatikan total porsi harian.
888,Merica,359.0,11.5,6.8,64.4,BISA,lemak 6.8g (di bawah batas 10g),Boleh dikonsumsi normal. Tetap perhatikan total porsi harian.
889,Mi Basah,88.0,0.6,3.3,14.0,BISA,lemak 3.3g (di bawah batas 10g),Boleh dikonsumsi normal. Tetap perhatikan total porsi harian.
890,Mi Golosor,71.0,0.2,0.8,15.9,BISA,lemak 0.8g (di bawah batas 10g),Boleh dikonsumsi normal. Tetap perhatikan total porsi harian.
891,Mi Kering,339.0,10.0,1.7,6.3,BISA,lemak 1.7g (di bawah batas 10g),Boleh dikonsumsi normal. Tetap perhatikan total porsi harian.
892,Mie Aceh Rebus,113.0,3.0,3.2,18.1,BISA,lemak 3.2g (di bawah batas 10g),Boleh dikonsumsi normal. Tetap perhatikan total porsi harian.
893,Mie Ayam,102.0,6.2,3.9,10.5,BISA,lemak 3.9g (di bawah batas 10g),Boleh dikonsumsi normal. Tetap perhatikan total porsi harian.
894,Mie Bakso,114.0,5.3,3.0,16.4,BISA,lemak 3.0g (di bawah batas 10g),Boleh dikonsumsi normal. Tetap perhatikan total porsi harian.
895,Mie Basah,86.0,0.6,3.3,14.0,BISA,lemak 3.3g (di bawah batas 10g),Boleh dikonsumsi normal. Tetap perhatikan total porsi harian.
896,Mie Bendo,353.0,0.3,0.0,88.0,BISA,lemak 0.0g (di bawah batas 10g),Boleh dikonsumsi normal. Tetap perhatikan total porsi harian.
897,Mie Celon,102.0,3.0,2.1,17.8,BISA,lemak 2.1g (di bawah batas 10g),Boleh dikonsumsi normal. Tetap perhatikan total porsi harian.
898,Mie Goreng,468.0,7.6,20.4,62.4,LIMIT,"lemak 20.4g (perlu dibatasi, batas aman 18g); kalori 468.0 kkal cukup tinggi untuk kondisi ini","Batasi 1-2x per minggu, porsi sangat kecil (≤50g). Pilih metode masak rendah minyak."
899,Mie Kering,337.0,7.9,11.8,50.0,NETRAL,lemak 11.8g (zona netral 10–18g),"Konsumsi 1 porsi kecil (50–80g) per hari, tidak setiap hari."
900,Mie Pangsit Basah,105.0,5.9,4.9,9.4,BISA,lemak 4.9g (di bawah batas 10g),Boleh dikonsumsi normal. Tetap perhatikan total porsi harian.
901,Mie Sagu,190.0,0.2,0.4,46.5,BISA,lemak 0.4g (di bawah batas 10g),Boleh dikonsumsi normal. Tetap perhatikan total porsi harian.
902,Minyak Hati Hiu (Eulamia),902.0,0.0,100.0,0.0,TIDAK_BISA,lemak 100.0g (melebihi batas 25g); kalori 902.0 kkal cukup tinggi untuk kondisi ini,Hindari. Konsultasikan dengan ahli gizi untuk alternatif.
903,Minyak Ikan,902.0,0.0,100.0,0.0,TIDAK_BISA,lemak 100.0g (melebihi batas 25g); kalori 902.0 kkal cukup tinggi untuk kondisi ini,Hindari. Konsultasikan dengan ahli gizi untuk alternatif.
904,Minyak Kacang Tanah,902.0,0.0,100.0,0.0,TIDAK_BISA,lemak 100.0g (melebihi batas 25g); kalori 902.0 kkal cukup tinggi untuk kondisi ini,Hindari. Konsultasikan dengan ahli gizi untuk alternatif.
905,Minyak Kedelai,883.0,0.0,99.9,0.0,TIDAK_BISA,lemak 99.9g (melebihi batas 25g); kalori 883.0 kkal cukup tinggi untuk kondisi ini,Hindari. Konsultasikan dengan ahli gizi untuk alternatif.
906,Minyak Kelapa,870.0,1.0,98.0,0.0,TIDAK_BISA,lemak 98.0g (melebihi batas 25g); kalori 870.0 kkal cukup tinggi untuk kondisi ini,Hindari. Konsultasikan dengan ahli gizi untuk alternatif.
907,Minyak Kelapa Sawit,902.0,0.0,100.0,0.0,TIDAK_BISA,lemak 100.0g (melebihi batas 25g); kalori 902.0 kkal cukup tinggi untuk kondisi ini,Hindari. Konsultasikan dengan ahli gizi untuk alternatif.
908,Minyak Wijen,902.0,0.0,100.0,0.0,TIDAK_BISA,lemak 100.0g (melebihi batas 25g); kalori 902.0 kkal cukup tinggi untuk kondisi ini,Hindari. Konsultasikan dengan ahli gizi untuk alternatif.
909,Minyak Zaitun,884.0,0.0,100.0,0.0,TIDAK_BISA,lemak 100.0g (melebihi batas 25g); kalori 884.0 kkal cukup tinggi untuk kondisi ini,Hindari. Konsultasikan dengan ahli gizi untuk alternatif.
910,Misoa,345.0,8.5,2.2,78.0,BISA,lemak 2.2g (di bawah batas 10g),Boleh dikonsumsi normal. Tetap perhatikan total porsi harian.
911,Misro,218.0,0.8,16.0,50.2,NETRAL,lemak 16.0g (zona netral 10–18g),"Konsumsi 1 porsi kecil (50–80g) per hari, tidak setiap hari."
912,Moon Tahu,128.0,8.0,10.0,1.3,BISA,lemak 10.0g (di bawah batas 10g),Boleh dikonsumsi normal. Tetap perhatikan total porsi harian.
913,Mostarda Metan -Sawi,33.0,2.3,0.5,4.7,BISA,lemak 0.5g (di bawah batas 10g),Boleh dikonsumsi normal. Tetap perhatikan total porsi harian.
914,Mujahir Acar Kuning Masakan,330.0,17.8,23.4,12.1,NETRAL,"lemak 23.4g (perlu dibatasi, batas aman 18g); protein 17.8g cukup tinggi membantu offset lemak","Konsumsi 1 porsi kecil (50–80g) per hari, tidak setiap hari."
915,Naan Maran Sapi Masakan,478.0,38.3,33.9,5.1,TIDAK_BISA,lemak 33.9g (melebihi batas 25g); kalori 478.0 kkal cukup tinggi untuk kondisi ini,Hindari. Konsultasikan dengan ahli gizi untuk alternatif.
916,Nanas,52.0,0.4,0.2,13.7,BISA,lemak 0.2g (di bawah batas 10g),Boleh dikonsumsi normal. Tetap perhatikan total porsi harian.
917,Nanas Palembang Segar,58.0,0.7,0.2,13.3,BISA,lemak 0.2g (di bawah batas 10g),Boleh dikonsumsi normal. Tetap perhatikan total porsi harian.
918,Nangka Biji,165.0,4.2,0.1,36.7,BISA,lemak 0.1g (di bawah batas 10g),Boleh dikonsumsi normal. Tetap perhatikan total porsi harian.
919,Nangka Masak Di Pohon,106.0,1.2,0.3,27.6,BISA,lemak 0.3g (di bawah batas 10g),Boleh dikonsumsi normal. Tetap perhatikan total porsi harian.
920,Nangka Muda,51.0,2.0,0.4,11.3,BISA,lemak 0.4g (di bawah batas 10g),Boleh dikonsumsi normal. Tetap perhatikan total porsi harian.
921,Nasi,180.0,3.0,0.3,39.8,BISA,lemak 0.3g (di bawah batas 10g),Boleh dikonsumsi normal. Tetap perhatikan total porsi harian.
922,Nasi Beras Merah,149.0,2.8,0.4,32.5,BISA,lemak 0.4g (di bawah batas 10g),Boleh dikonsumsi normal. Tetap perhatikan total porsi harian.
923,Nasi Gemuk,192.0,3.8,8.8,24.4,BISA,lemak 8.8g (di bawah batas 10g),Boleh dikonsumsi normal. Tetap perhatikan total porsi harian.
924,Nasi Goreng,276.0,3.2,3.2,30.2,BISA,lemak 3.2g (di bawah batas 10g),Boleh dikonsumsi normal. Tetap perhatikan total porsi harian.
925,Nasi Gurih,190.0,4.7,7.5,26.0,BISA,lemak 7.5g (di bawah batas 10g),Boleh dikonsumsi normal. Tetap perhatikan total porsi harian.
926,Nasi Jagung,357.0,8.8,0.5,79.5,BISA,lemak 0.5g (di bawah batas 10g),Boleh dikonsumsi normal. Tetap perhatikan total porsi harian.
927,Nasi Minyak,207.0,3.5,5.0,37.1,BISA,lemak 5.0g (di bawah batas 10g),Boleh dikonsumsi normal. Tetap perhatikan total porsi harian.
928,Nasi Rames,155.0,10.3,4.2,19.1,BISA,lemak 4.2g (di bawah batas 10g),Boleh dikonsumsi normal. Tetap perhatikan total porsi harian.
929,Nasi Tim,120.0,2.4,0.4,26.0,BISA,lemak 0.4g (di bawah batas 10g),Boleh dikonsumsi normal. Tetap perhatikan total porsi harian.
930,Nasi Uduk,253.3,4.3,21.0,11.7,LIMIT,"lemak 21.0g (perlu dibatasi, batas aman 18g)","Batasi 1-2x per minggu, porsi sangat kecil (≤50g). Pilih metode masak rendah minyak."
931,Nasu Likku Masakan,196.0,14.5,8.3,15.9,BISA,lemak 8.3g (di bawah batas 10g),Boleh dikonsumsi normal. Tetap perhatikan total porsi harian.
932,Noga Kacang Tanah,600.0,14.0,41.7,42.0,TIDAK_BISA,lemak 41.7g (melebihi batas 25g); kalori 600.0 kkal cukup tinggi untuk kondisi ini,Hindari. Konsultasikan dengan ahli gizi untuk alternatif.
933,Nopia Spesial,387.0,5.3,7.6,74.3,BISA,lemak 7.6g (di bawah batas 10g),Boleh dikonsumsi normal. Tetap perhatikan total porsi harian.
934,Olah-Olah,9.0,2.1,6.0,7.1,BISA,lemak 6.0g (di bawah batas 10g),Boleh dikonsumsi normal. Tetap perhatikan total porsi harian.
935,Oncom,187.0,13.0,6.0,22.6,BISA,lemak 6.0g (di bawah batas 10g),Boleh dikonsumsi normal. Tetap perhatikan total porsi harian.
936,Oncom Ampas Kacang Hijau,376.0,14.9,6.0,65.7,BISA,lemak 6.0g (di bawah batas 10g),Boleh dikonsumsi normal. Tetap perhatikan total porsi harian.
937,Oncom Goreng,363.3,19.3,19.3,40.3,NETRAL,"lemak 19.3g (perlu dibatasi, batas aman 18g); protein 19.3g cukup tinggi membantu offset lemak","Konsumsi 1 porsi kecil (50–80g) per hari, tidak setiap hari."
938,Oncom Hitam Goreng,284.0,12.0,14.4,13.6,NETRAL,lemak 14.4g (zona netral 10–18g),"Konsumsi 1 porsi kecil (50–80g) per hari, tidak setiap hari."
939,Oncom Hitam Goreng Bertepung,306.7,9.0,18.0,27.0,NETRAL,lemak 18.0g (zona netral 10–18g),"Konsumsi 1 porsi kecil (50–80g) per hari, tidak setiap hari."
940,Oncom Kacang Hijau + Singkong,351.0,11.0,5.3,65.9,BISA,lemak 5.3g (di bawah batas 10g),Boleh dikonsumsi normal. Tetap perhatikan total porsi harian.
941,Oncom Kacang Tanah Pepes,132.0,12.7,3.8,13.7,BISA,lemak 3.8g (di bawah batas 10g),Boleh dikonsumsi normal. Tetap perhatikan total porsi harian.
942,Oncom Kedele,187.0,13.0,6.0,22.6,BISA,lemak 6.0g (di bawah batas 10g),Boleh dikonsumsi normal. Tetap perhatikan total porsi harian.
943,Oncom Merah Goreng,368.0,6.8,32.0,13.2,TIDAK_BISA,lemak 32.0g (melebihi batas 25g),Hindari. Konsultasikan dengan ahli gizi untuk alternatif.
944,Oncom Merah Goreng Bertepung,320.0,7.3,18.7,31.0,LIMIT,"lemak 18.7g (perlu dibatasi, batas aman 18g)","Batasi 1-2x per minggu, porsi sangat kecil (≤50g). Pilih metode masak rendah minyak."
945,Oncom Merah Sayur (Tumis),40.0,2.0,2.0,3.0,BISA,lemak 2.0g (di bawah batas 10g),Boleh dikonsumsi normal. Tetap perhatikan total porsi harian.
946,Oncom Pepes,76.0,5.2,1.8,10.6,BISA,lemak 1.8g (di bawah batas 10g),Boleh dikonsumsi normal. Tetap perhatikan total porsi harian.
947,Onde-Onde,288.6,8.3,8.9,44.3,BISA,lemak 8.9g (di bawah batas 10g),Boleh dikonsumsi normal. Tetap perhatikan total porsi harian.
948,Ongol-Ongol,115.0,1.5,6.0,14.0,BISA,lemak 6.0g (di bawah batas 10g),Boleh dikonsumsi normal. Tetap perhatikan total porsi harian.
949,Ongol-Ongol Sagu,111.0,0.3,2.7,21.2,BISA,lemak 2.7g (di bawah batas 10g),Boleh dikonsumsi normal. Tetap perhatikan total porsi harian.
950,Opak Singkong,940.0,36.0,42.0,104.0,TIDAK_BISA,lemak 42.0g (melebihi batas 25g); kalori 940.0 kkal cukup tinggi untuk kondisi ini,Hindari. Konsultasikan dengan ahli gizi untuk alternatif.
951,Oramu Ninahu Ndawa Olaho Masakan,117.0,13.7,5.0,4.3,BISA,lemak 5.0g (di bawah batas 10g),Boleh dikonsumsi normal. Tetap perhatikan total porsi harian.
952,Otak,125.0,10.4,8.6,0.8,BISA,lemak 8.6g (di bawah batas 10g),Boleh dikonsumsi normal. Tetap perhatikan total porsi harian.
953,Oyek,351.0,0.9,0.9,84.9,BISA,lemak 0.9g (di bawah batas 10g),Boleh dikonsumsi normal. Tetap perhatikan total porsi harian.
954,Oyek (Dari Singkong),342.0,2.3,0.1,83.1,BISA,lemak 0.1g (di bawah batas 10g),Boleh dikonsumsi normal. Tetap perhatikan total porsi harian.
955,Paku Hinela Wulelenggapaya,77.0,3.5,4.6,5.4,BISA,lemak 4.6g (di bawah batas 10g),Boleh dikonsumsi normal. Tetap perhatikan total porsi harian.
956,Pala Biji,494.0,7.5,36.4,40.1,TIDAK_BISA,lemak 36.4g (melebihi batas 25g); kalori 494.0 kkal cukup tinggi untuk kondisi ini,Hindari. Konsultasikan dengan ahli gizi untuk alternatif.
957,Pala Daging,42.0,0.3,0.2,10.9,BISA,lemak 0.2g (di bawah batas 10g),Boleh dikonsumsi normal. Tetap perhatikan total porsi harian.
958,Paniki Masak Santan Masakan,460.0,28.5,35.2,7.2,TIDAK_BISA,lemak 35.2g (melebihi batas 25g); kalori 460.0 kkal cukup tinggi untuk kondisi ini,Hindari. Konsultasikan dengan ahli gizi untuk alternatif.
959,Papais,133.8,3.0,1.6,27.0,BISA,lemak 1.6g (di bawah batas 10g),Boleh dikonsumsi normal. Tetap perhatikan total porsi harian.
960,Papeda,61.0,0.2,0.1,14.9,BISA,lemak 0.1g (di bawah batas 10g),Boleh dikonsumsi normal. Tetap perhatikan total porsi harian.
961,Parede Baleh Masakan,87.0,10.5,2.5,5.5,BISA,lemak 2.5g (di bawah batas 10g),Boleh dikonsumsi normal. Tetap perhatikan total porsi harian.
962,Paria (Pare),29.0,1.1,0.3,6.6,BISA,lemak 0.3g (di bawah batas 10g),Boleh dikonsumsi normal. Tetap perhatikan total porsi harian.
963,Paria Putih Kukus,16.0,0.8,0.2,3.4,BISA,lemak 0.2g (di bawah batas 10g),Boleh dikonsumsi normal. Tetap perhatikan total porsi harian.
964,Paria Putih Segar,19.0,1.0,0.4,3.6,BISA,lemak 0.4g (di bawah batas 10g),Boleh dikonsumsi normal. Tetap perhatikan total porsi harian.
965,Pastel,307.0,4.5,13.3,42.4,NETRAL,lemak 13.3g (zona netral 10–18g),"Konsumsi 1 porsi kecil (50–80g) per hari, tidak setiap hari."
966,Pati Singkong (Tapioka),362.0,0.5,0.3,86.9,BISA,lemak 0.3g (di bawah batas 10g),Boleh dikonsumsi normal. Tetap perhatikan total porsi harian.
967,Pe-Cay,23.0,1.8,0.3,4.5,BISA,lemak 0.3g (di bawah batas 10g),Boleh dikonsumsi normal. Tetap perhatikan total porsi harian.
968,Peda Ikan Banjar,156.0,28.0,4.0,0.0,BISA,lemak 4.0g (di bawah batas 10g); protein 28.0g cukup tinggi membantu offset lemak,Boleh dikonsumsi normal. Tetap perhatikan total porsi harian.
969,Pelecing Kangkung,75.0,2.5,2.8,10.0,BISA,lemak 2.8g (di bawah batas 10g),Boleh dikonsumsi normal. Tetap perhatikan total porsi harian.
970,Pelepah Manuk Masakan,219.0,19.7,13.6,4.4,NETRAL,lemak 13.6g (zona netral 10–18g); protein 19.7g cukup tinggi membantu offset lemak,"Konsumsi 1 porsi kecil (50–80g) per hari, tidak setiap hari."
971,Pempek Adaan,162.0,4.9,3.0,27.8,BISA,lemak 3.0g (di bawah batas 10g),Boleh dikonsumsi normal. Tetap perhatikan total porsi harian.
972,Pempek Belida,156.0,4.2,1.4,31.6,BISA,lemak 1.4g (di bawah batas 10g),Boleh dikonsumsi normal. Tetap perhatikan total porsi harian.
973,Pempek Kapal Selam,152.0,4.5,2.3,28.2,BISA,lemak 2.3g (di bawah batas 10g),Boleh dikonsumsi normal. Tetap perhatikan total porsi harian.
974,Pempek Kelesan,211.0,12.3,6.1,26.6,BISA,lemak 6.1g (di bawah batas 10g),Boleh dikonsumsi normal. Tetap perhatikan total porsi harian.
975,Pempek Kulit,243.0,5.2,7.3,39.1,BISA,lemak 7.3g (di bawah batas 10g),Boleh dikonsumsi normal. Tetap perhatikan total porsi harian.
976,Pempek Tenggiri,173.0,7.2,1.2,33.4,BISA,lemak 1.2g (di bawah batas 10g),Boleh dikonsumsi normal. Tetap perhatikan total porsi harian.
977,Pencok Lele Masakan,372.0,7.8,36.3,3.5,TIDAK_BISA,lemak 36.3g (melebihi batas 25g),Hindari. Konsultasikan dengan ahli gizi untuk alternatif.
978,Penyu Serapah Masakan,174.0,13.1,12.2,2.2,NETRAL,lemak 12.2g (zona netral 10–18g),"Konsumsi 1 porsi kecil (50–80g) per hari, tidak setiap hari."
979,Pepare Ular Segar,19.0,0.6,0.1,3.9,BISA,lemak 0.1g (di bawah batas 10g),Boleh dikonsumsi normal. Tetap perhatikan total porsi harian.
980,Pepaya Lodeh,275.0,11.6,11.6,30.2,NETRAL,lemak 11.6g (zona netral 10–18g),"Konsumsi 1 porsi kecil (50–80g) per hari, tidak setiap hari."
981,Pepaya Muda,26.0,2.1,0.1,4.9,BISA,lemak 0.1g (di bawah batas 10g),Boleh dikonsumsi normal. Tetap perhatikan total porsi harian.
982,Pepaya Segar,46.0,0.5,12.0,12.2,NETRAL,lemak 12.0g (zona netral 10–18g),"Konsumsi 1 porsi kecil (50–80g) per hari, tidak setiap hari."
983,Pepea Oncom Ampas Tahu,76.0,5.2,1.8,10.6,BISA,lemak 1.8g (di bawah batas 10g),Boleh dikonsumsi normal. Tetap perhatikan total porsi harian.
984,Permen,400.0,0.0,0.0,95.0,BISA,lemak 0.0g (di bawah batas 10g),Boleh dikonsumsi normal. Tetap perhatikan total porsi harian.
985,Pete Segar,142.0,10.4,2.0,22.0,BISA,lemak 2.0g (di bawah batas 10g),Boleh dikonsumsi normal. Tetap perhatikan total porsi harian.
986,Peterseli,50.0,3.7,1.0,9.0,BISA,lemak 1.0g (di bawah batas 10g),Boleh dikonsumsi normal. Tetap perhatikan total porsi harian.
987,Petis Ikan,161.0,20.0,0.2,24.0,BISA,lemak 0.2g (di bawah batas 10g); protein 20.0g cukup tinggi membantu offset lemak,Boleh dikonsumsi normal. Tetap perhatikan total porsi harian.
988,Petis Udang,220.0,15.0,0.1,40.0,BISA,lemak 0.1g (di bawah batas 10g); protein 15.0g cukup tinggi membantu offset lemak,Boleh dikonsumsi normal. Tetap perhatikan total porsi harian.
989,Petis Udang Kering,345.0,23.8,1.4,59.3,BISA,lemak 1.4g (di bawah batas 10g); protein 23.8g cukup tinggi membantu offset lemak,Boleh dikonsumsi normal. Tetap perhatikan total porsi harian.
990,Petis Udang Pasta,220.0,15.0,0.9,38.0,BISA,lemak 0.9g (di bawah batas 10g); protein 15.0g cukup tinggi membantu offset lemak,Boleh dikonsumsi normal. Tetap perhatikan total porsi harian.
991,Pilus,514.0,1.0,27.8,400.0,TIDAK_BISA,lemak 27.8g (melebihi batas 25g); kalori 514.0 kkal cukup tinggi untuk kondisi ini,Hindari. Konsultasikan dengan ahli gizi untuk alternatif.
992,Pinda Masakan,107.0,15.9,0.6,0.4,BISA,lemak 0.6g (di bawah batas 10g); protein 15.9g cukup tinggi membantu offset lemak,Boleh dikonsumsi normal. Tetap perhatikan total porsi harian.
993,Pindang Ikan Banjar,157.0,28.0,4.2,0.0,BISA,lemak 4.2g (di bawah batas 10g); protein 28.0g cukup tinggi membantu offset lemak,Boleh dikonsumsi normal. Tetap perhatikan total porsi harian.
994,Pindang Ikan Benggol,170.0,31.0,4.2,0.0,BISA,lemak 4.2g (di bawah batas 10g); protein 31.0g cukup tinggi membantu offset lemak,Boleh dikonsumsi normal. Tetap perhatikan total porsi harian.
995,Pindang Ikan Layang,153.0,30.0,2.8,0.0,BISA,lemak 2.8g (di bawah batas 10g); protein 30.0g cukup tinggi membantu offset lemak,Boleh dikonsumsi normal. Tetap perhatikan total porsi harian.
996,Pindang Ikan Selar Kecil,142.0,27.0,3.0,0.0,BISA,lemak 3.0g (di bawah batas 10g); protein 27.0g cukup tinggi membantu offset lemak,Boleh dikonsumsi normal. Tetap perhatikan total porsi harian.
997,Pindang Kenari Masakan,124.0,9.5,9.6,0.0,BISA,lemak 9.6g (di bawah batas 10g),Boleh dikonsumsi normal. Tetap perhatikan total porsi harian.
998,Pisang Ambon,99.0,1.2,0.2,25.8,BISA,lemak 0.2g (di bawah batas 10g),Boleh dikonsumsi normal. Tetap perhatikan total porsi harian.
999,Pisang Angleng (Pisang Ampyang) Segar,68.0,1.3,0.2,17.2,BISA,lemak 0.2g (di bawah batas 10g),Boleh dikonsumsi normal. Tetap perhatikan total porsi harian.
1000,Pisang Ayam Segar,120.0,1.1,0.2,26.8,BISA,lemak 0.2g (di bawah batas 10g),Boleh dikonsumsi normal. Tetap perhatikan total porsi harian.
1001,Pisang Gapi Segar,127.0,2.1,0.3,31.1,BISA,lemak 0.3g (di bawah batas 10g),Boleh dikonsumsi normal. Tetap perhatikan total porsi harian.
1002,Pisang Goreng,220.0,2.3,2.3,6.3,BISA,lemak 2.3g (di bawah batas 10g),Boleh dikonsumsi normal. Tetap perhatikan total porsi harian.
1003,Pisang Goroho Segar,115.0,1.9,0.2,27.9,BISA,lemak 0.2g (di bawah batas 10g),Boleh dikonsumsi normal. Tetap perhatikan total porsi harian.
1004,Pisang Hijau Segar,117.0,2.0,0.3,28.9,BISA,lemak 0.3g (di bawah batas 10g),Boleh dikonsumsi normal. Tetap perhatikan total porsi harian.
1005,Pisang Kayu Segar,100.0,1.4,0.5,23.6,BISA,lemak 0.5g (di bawah batas 10g),Boleh dikonsumsi normal. Tetap perhatikan total porsi harian.
1006,Pisang Kepok Segar,109.0,0.8,0.5,26.3,BISA,lemak 0.5g (di bawah batas 10g),Boleh dikonsumsi normal. Tetap perhatikan total porsi harian.
1007,Pisang Ketip Segar,145.0,1.1,0.3,34.5,BISA,lemak 0.3g (di bawah batas 10g),Boleh dikonsumsi normal. Tetap perhatikan total porsi harian.
1008,Pisang Kidang Segar,96.0,1.0,0.2,22.5,BISA,lemak 0.2g (di bawah batas 10g),Boleh dikonsumsi normal. Tetap perhatikan total porsi harian.
1009,Pisang Lampung,99.0,1.3,0.2,25.6,BISA,lemak 0.2g (di bawah batas 10g),Boleh dikonsumsi normal. Tetap perhatikan total porsi harian.
1010,Pisang Mas,127.0,1.4,0.2,33.6,BISA,lemak 0.2g (di bawah batas 10g),Boleh dikonsumsi normal. Tetap perhatikan total porsi harian.
1011,Pisang Mas Bali,127.0,1.4,0.2,31.8,BISA,lemak 0.2g (di bawah batas 10g),Boleh dikonsumsi normal. Tetap perhatikan total porsi harian.
1012,Pisang Oli,134.0,1.1,0.5,35.5,BISA,lemak 0.5g (di bawah batas 10g),Boleh dikonsumsi normal. Tetap perhatikan total porsi harian.
1013,Pisang Raja,120.0,1.2,0.2,31.8,BISA,lemak 0.2g (di bawah batas 10g),Boleh dikonsumsi normal. Tetap perhatikan total porsi harian.
1014,Pisang Raja Sere (Susu),118.0,1.2,0.2,31.1,BISA,lemak 0.2g (di bawah batas 10g),Boleh dikonsumsi normal. Tetap perhatikan total porsi harian.
1015,Pisang Rotan Segar,98.0,1.3,1.2,20.5,BISA,lemak 1.2g (di bawah batas 10g),Boleh dikonsumsi normal. Tetap perhatikan total porsi harian.
1016,Pisang Siam Goreng,625.0,1.0,0.0,8.1,NETRAL,lemak 0.0g (di bawah batas 10g); kalori 625.0 kkal cukup tinggi untuk kondisi ini,"Konsumsi 1 porsi kecil (50–80g) per hari, tidak setiap hari."
1017,Pisang Talas Segar,113.0,1.2,0.2,26.7,BISA,lemak 0.2g (di bawah batas 10g),Boleh dikonsumsi normal. Tetap perhatikan total porsi harian.
1018,Prey (Bawang Daun),45.0,2.2,0.3,10.3,BISA,lemak 0.3g (di bawah batas 10g),Boleh dikonsumsi normal. Tetap perhatikan total porsi harian.
1019,Pucuk Lumai/Daun Leunca Segar,33.0,4.5,0.4,2.8,BISA,lemak 0.4g (di bawah batas 10g),Boleh dikonsumsi normal. Tetap perhatikan total porsi harian.
1020,Pulut,216.0,2.6,3.1,44.4,BISA,lemak 3.1g (di bawah batas 10g),Boleh dikonsumsi normal. Tetap perhatikan total porsi harian.
1021,Punai Daging Goreng,224.0,26.2,11.3,4.4,NETRAL,lemak 11.3g (zona netral 10–18g); protein 26.2g cukup tinggi membantu offset lemak,"Konsumsi 1 porsi kecil (50–80g) per hari, tidak setiap hari."
1022,Pundut Nasi,104.0,1.9,4.1,15.1,BISA,lemak 4.1g (di bawah batas 10g),Boleh dikonsumsi normal. Tetap perhatikan total porsi harian.
1023,Purundawa,25.0,1.5,0.5,3.6,BISA,lemak 0.5g (di bawah batas 10g),Boleh dikonsumsi normal. Tetap perhatikan total porsi harian.
1024,Purut Segar,76.0,4.1,1.1,15.2,BISA,lemak 1.1g (di bawah batas 10g),Boleh dikonsumsi normal. Tetap perhatikan total porsi harian.
1025,Putri Malu Segar,76.0,3.6,0.3,14.6,BISA,lemak 0.3g (di bawah batas 10g),Boleh dikonsumsi normal. Tetap perhatikan total porsi harian.
1026,Putri Selat,163.0,2.2,6.5,23.8,BISA,lemak 6.5g (di bawah batas 10g),Boleh dikonsumsi normal. Tetap perhatikan total porsi harian.
1027,Putu Mayang,200.0,1.0,2.4,43.8,BISA,lemak 2.4g (di bawah batas 10g),Boleh dikonsumsi normal. Tetap perhatikan total porsi harian.
1028,Ragi,136.0,43.0,2.4,3.0,BISA,lemak 2.4g (di bawah batas 10g); protein 43.0g cukup tinggi membantu offset lemak,Boleh dikonsumsi normal. Tetap perhatikan total porsi harian.
1029,Rajungan Segar,76.0,12.1,2.0,2.4,BISA,lemak 2.0g (di bawah batas 10g),Boleh dikonsumsi normal. Tetap perhatikan total porsi harian.
1030,Rambutan,69.0,0.9,0.1,18.1,BISA,lemak 0.1g (di bawah batas 10g),Boleh dikonsumsi normal. Tetap perhatikan total porsi harian.
1031,Rambutan Aceh,11.0,0.0,0.0,2.7,BISA,lemak 0.0g (di bawah batas 10g),Boleh dikonsumsi normal. Tetap perhatikan total porsi harian.
1032,Rambutan Binjai Segar,76.0,0.5,0.2,18.0,BISA,lemak 0.2g (di bawah batas 10g),Boleh dikonsumsi normal. Tetap perhatikan total porsi harian.
1033,Rambutan Sinyonya,4.0,0.0,0.0,0.9,BISA,lemak 0.0g (di bawah batas 10g),Boleh dikonsumsi normal. Tetap perhatikan total porsi harian.
1034,Rarawuan,295.0,7.3,8.5,47.5,BISA,lemak 8.5g (di bawah batas 10g),Boleh dikonsumsi normal. Tetap perhatikan total porsi harian.
1035,Rasbi (Beras Ubi),394.0,2.2,8.8,76.6,BISA,lemak 8.8g (di bawah batas 10g),Boleh dikonsumsi normal. Tetap perhatikan total porsi harian.
1036,Rasi (Beras Singkong),350.0,0.9,0.4,85.7,BISA,lemak 0.4g (di bawah batas 10g),Boleh dikonsumsi normal. Tetap perhatikan total porsi harian.
1037,Rawon Masakan,60.0,5.4,2.5,4.0,BISA,lemak 2.5g (di bawah batas 10g),Boleh dikonsumsi normal. Tetap perhatikan total porsi harian.
1038,Rebon (Udang Kecil Segar),81.0,16.2,1.2,0.7,BISA,lemak 1.2g (di bawah batas 10g); protein 16.2g cukup tinggi membantu offset lemak,Boleh dikonsumsi normal. Tetap perhatikan total porsi harian.
1039,Rebon Kering,299.0,29.4,3.6,3.2,BISA,lemak 3.6g (di bawah batas 10g); protein 29.4g cukup tinggi membantu offset lemak,Boleh dikonsumsi normal. Tetap perhatikan total porsi harian.
1040,Rebon Udang Kecil Segar,81.0,16.2,1.2,0.7,BISA,lemak 1.2g (di bawah batas 10g); protein 16.2g cukup tinggi membantu offset lemak,Boleh dikonsumsi normal. Tetap perhatikan total porsi harian.
1041,Rebung,27.0,0.6,0.3,5.2,BISA,lemak 0.3g (di bawah batas 10g),Boleh dikonsumsi normal. Tetap perhatikan total porsi harian.
1042,Rebung Laut Mentah,320.0,7.2,4.2,63.3,BISA,lemak 4.2g (di bawah batas 10g),Boleh dikonsumsi normal. Tetap perhatikan total porsi harian.
1043,Rempeyek Kacang Tolo,451.0,11.2,20.2,59.7,LIMIT,"lemak 20.2g (perlu dibatasi, batas aman 18g); kalori 451.0 kkal cukup tinggi untuk kondisi ini","Batasi 1-2x per minggu, porsi sangat kecil (≤50g). Pilih metode masak rendah minyak."
1044,Rempeyek Kacang Uci,497.0,17.0,27.6,50.8,TIDAK_BISA,lemak 27.6g (melebihi batas 25g); kalori 497.0 kkal cukup tinggi untuk kondisi ini,Hindari. Konsultasikan dengan ahli gizi untuk alternatif.
1045,Rendang Sapi Masakan,193.0,22.6,7.9,7.8,BISA,lemak 7.9g (di bawah batas 10g); protein 22.6g cukup tinggi membantu offset lemak,Boleh dikonsumsi normal. Tetap perhatikan total porsi harian.
1046,Renggi Goreng,471.0,4.7,21.8,64.1,LIMIT,"lemak 21.8g (perlu dibatasi, batas aman 18g); kalori 471.0 kkal cukup tinggi untuk kondisi ini","Batasi 1-2x per minggu, porsi sangat kecil (≤50g). Pilih metode masak rendah minyak."
1047,Rimbang Segar,75.0,1.6,0.6,15.8,BISA,lemak 0.6g (di bawah batas 10g),Boleh dikonsumsi normal. Tetap perhatikan total porsi harian.
1048,Risoles,335.0,5.3,3.5,70.5,BISA,lemak 3.5g (di bawah batas 10g),Boleh dikonsumsi normal. Tetap perhatikan total porsi harian.
1049,Roti Boong,341.0,5.5,16.2,43.3,NETRAL,lemak 16.2g (zona netral 10–18g),"Konsumsi 1 porsi kecil (50–80g) per hari, tidak setiap hari."
1050,Roti Gambang,350.0,7.5,2.0,75.5,BISA,lemak 2.0g (di bawah batas 10g),Boleh dikonsumsi normal. Tetap perhatikan total porsi harian.
1051,Roti Putih,248.0,8.0,1.2,50.0,BISA,lemak 1.2g (di bawah batas 10g),Boleh dikonsumsi normal. Tetap perhatikan total porsi harian.
1052,Roti Warna Sawo Matang,249.0,7.9,1.5,49.7,BISA,lemak 1.5g (di bawah batas 10g),Boleh dikonsumsi normal. Tetap perhatikan total porsi harian.
1053,Rujak Cingur,153.0,11.3,8.4,8.0,BISA,lemak 8.4g (di bawah batas 10g),Boleh dikonsumsi normal. Tetap perhatikan total porsi harian.
1054,Rumput Laut,41.0,1.4,0.3,8.1,BISA,lemak 0.3g (di bawah batas 10g),Boleh dikonsumsi normal. Tetap perhatikan total porsi harian.
1055,Rusa Daging Dendeng Mentah,536.0,40.5,41.5,0.0,TIDAK_BISA,lemak 41.5g (melebihi batas 25g); kalori 536.0 kkal cukup tinggi untuk kondisi ini,Hindari. Konsultasikan dengan ahli gizi untuk alternatif.
1056,Rusip,110.0,11.5,2.0,11.7,BISA,lemak 2.0g (di bawah batas 10g),Boleh dikonsumsi normal. Tetap perhatikan total porsi harian.
1057,Rw Anjing Masakan,198.0,24.6,10.7,0.9,NETRAL,lemak 10.7g (zona netral 10–18g); protein 24.6g cukup tinggi membantu offset lemak,"Konsumsi 1 porsi kecil (50–80g) per hari, tidak setiap hari."
1058,Saga Biji Tanpa Kulit,449.0,30.6,25.5,31.9,TIDAK_BISA,lemak 25.5g (melebihi batas 25g); kalori 449.0 kkal cukup tinggi untuk kondisi ini,Hindari. Konsultasikan dengan ahli gizi untuk alternatif.
1059,Sagu Ambon,338.0,0.6,0.3,83.1,BISA,lemak 0.3g (di bawah batas 10g),Boleh dikonsumsi normal. Tetap perhatikan total porsi harian.
1060,Sagu Aren Kering,355.0,0.6,1.1,85.6,BISA,lemak 1.1g (di bawah batas 10g),Boleh dikonsumsi normal. Tetap perhatikan total porsi harian.
1061,Sagu Aren Segar,231.0,0.6,0.2,56.6,BISA,lemak 0.2g (di bawah batas 10g),Boleh dikonsumsi normal. Tetap perhatikan total porsi harian.
1062,Sagu Forno,291.0,0.5,4.0,63.4,BISA,lemak 4.0g (di bawah batas 10g),Boleh dikonsumsi normal. Tetap perhatikan total porsi harian.
1063,Sagu Kasbi Segar,230.0,0.6,0.2,56.5,BISA,lemak 0.2g (di bawah batas 10g),Boleh dikonsumsi normal. Tetap perhatikan total porsi harian.
1064,Sagu Lemak (Kue Sagon),452.0,2.8,14.8,76.8,NETRAL,lemak 14.8g (zona netral 10–18g); kalori 452.0 kkal cukup tinggi untuk kondisi ini,"Konsumsi 1 porsi kecil (50–80g) per hari, tidak setiap hari."
1065,Sagu Lempeng,347.0,0.9,0.3,85.2,BISA,lemak 0.3g (di bawah batas 10g),Boleh dikonsumsi normal. Tetap perhatikan total porsi harian.
1066,Sagu Rendang,364.0,0.1,0.2,90.5,BISA,lemak 0.2g (di bawah batas 10g),Boleh dikonsumsi normal. Tetap perhatikan total porsi harian.
1067,Sagu Singkong Kering,362.0,0.5,0.3,86.9,BISA,lemak 0.3g (di bawah batas 10g),Boleh dikonsumsi normal. Tetap perhatikan total porsi harian.
1068,Sagu Sinole,354.0,0.8,8.3,68.9,BISA,lemak 8.3g (di bawah batas 10g),Boleh dikonsumsi normal. Tetap perhatikan total porsi harian.
1069,Salak Bali Segar,57.0,0.5,0.1,13.6,BISA,lemak 0.1g (di bawah batas 10g),Boleh dikonsumsi normal. Tetap perhatikan total porsi harian.
1070,Salak Medan Segar,55.0,0.4,0.2,12.8,BISA,lemak 0.2g (di bawah batas 10g),Boleh dikonsumsi normal. Tetap perhatikan total porsi harian.
1071,Salak Pondoh Segar,87.0,0.8,0.4,20.1,BISA,lemak 0.4g (di bawah batas 10g),Boleh dikonsumsi normal. Tetap perhatikan total porsi harian.
1072,Sale Pisang Siam,281.0,2.4,0.7,66.1,BISA,lemak 0.7g (di bawah batas 10g),Boleh dikonsumsi normal. Tetap perhatikan total porsi harian.
1073,Santan (Dengan Air),122.0,2.0,10.0,7.6,BISA,lemak 10.0g (di bawah batas 10g),Boleh dikonsumsi normal. Tetap perhatikan total porsi harian.
1074,Santan (Kelapa Saja),324.0,4.2,34.3,55.6,TIDAK_BISA,lemak 34.3g (melebihi batas 25g),Hindari. Konsultasikan dengan ahli gizi untuk alternatif.
1075,Santan Murni,324.0,4.2,34.3,5.6,TIDAK_BISA,lemak 34.3g (melebihi batas 25g),Hindari. Konsultasikan dengan ahli gizi untuk alternatif.
1076,Saos Tomat,98.0,2.0,0.4,24.5,BISA,lemak 0.4g (di bawah batas 10g),Boleh dikonsumsi normal. Tetap perhatikan total porsi harian.
1077,Sapi Abon,212.0,18.0,10.6,59.3,NETRAL,lemak 10.6g (zona netral 10–18g); protein 18.0g cukup tinggi membantu offset lemak,"Konsumsi 1 porsi kecil (50–80g) per hari, tidak setiap hari."
1078,Sapi Babat Segar,108.0,17.6,4.2,0.0,BISA,lemak 4.2g (di bawah batas 10g); protein 17.6g cukup tinggi membantu offset lemak,Boleh dikonsumsi normal. Tetap perhatikan total porsi harian.
1079,Sapi Daging Asap,182.0,32.0,6.0,0.0,BISA,lemak 6.0g (di bawah batas 10g); protein 32.0g cukup tinggi membantu offset lemak,Boleh dikonsumsi normal. Tetap perhatikan total porsi harian.
1080,Sapi Daging Dendeng Mentah,301.0,55.0,9.0,0.0,BISA,lemak 9.0g (di bawah batas 10g); protein 55.0g cukup tinggi membantu offset lemak,Boleh dikonsumsi normal. Tetap perhatikan total porsi harian.
1081,Sapi Daging Gemuk Segar,273.0,17.5,22.0,0.0,NETRAL,"lemak 22.0g (perlu dibatasi, batas aman 18g); protein 17.5g cukup tinggi membantu offset lemak","Konsumsi 1 porsi kecil (50–80g) per hari, tidak setiap hari."
1082,Sapi Daging Kornet,289.0,16.0,25.0,0.0,NETRAL,"lemak 25.0g (perlu dibatasi, batas aman 18g); protein 16.0g cukup tinggi membantu offset lemak","Konsumsi 1 porsi kecil (50–80g) per hari, tidak setiap hari."
1083,Sapi Daging Kurus Segar,174.0,19.6,10.0,0.0,BISA,lemak 10.0g (di bawah batas 10g); protein 19.6g cukup tinggi membantu offset lemak,Boleh dikonsumsi normal. Tetap perhatikan total porsi harian.
1084,Sapi Daging Lemak Sedang Segar,201.0,18.8,14.0,0.0,NETRAL,lemak 14.0g (zona netral 10–18g); protein 18.8g cukup tinggi membantu offset lemak,"Konsumsi 1 porsi kecil (50–80g) per hari, tidak setiap hari."
1085,Sapi Daging Sosis (Worst),448.0,14.5,42.3,2.3,TIDAK_BISA,lemak 42.3g (melebihi batas 25g); kalori 448.0 kkal cukup tinggi untuk kondisi ini,Hindari. Konsultasikan dengan ahli gizi untuk alternatif.
1086,Sapi Daleman Segar,183.0,12.0,14.4,1.4,NETRAL,lemak 14.4g (zona netral 10–18g),"Konsumsi 1 porsi kecil (50–80g) per hari, tidak setiap hari."
1087,Sapi Dideh/Darah,98.0,21.9,1.1,0.0,BISA,lemak 1.1g (di bawah batas 10g); protein 21.9g cukup tinggi membantu offset lemak,Boleh dikonsumsi normal. Tetap perhatikan total porsi harian.
1088,Sapi Ginjal Segar,137.0,15.0,8.1,0.9,BISA,lemak 8.1g (di bawah batas 10g); protein 15.0g cukup tinggi membantu offset lemak,Boleh dikonsumsi normal. Tetap perhatikan total porsi harian.
1089,Sapi Hati Sosis (Liverworst),274.0,16.0,22.0,3.0,NETRAL,"lemak 22.0g (perlu dibatasi, batas aman 18g); protein 16.0g cukup tinggi membantu offset lemak","Konsumsi 1 porsi kecil (50–80g) per hari, tidak setiap hari."
1090,Sapi Keleponan Segar,84.0,10.5,4.6,0.2,BISA,lemak 4.6g (di bawah batas 10g),Boleh dikonsumsi normal. Tetap perhatikan total porsi harian.
1091,Sapi Liver Segar,132.0,19.7,3.2,6.0,BISA,lemak 3.2g (di bawah batas 10g); protein 19.7g cukup tinggi membantu offset lemak,Boleh dikonsumsi normal. Tetap perhatikan total porsi harian.
1092,Sapi Otak Segar,123.0,10.4,8.6,0.8,BISA,lemak 8.6g (di bawah batas 10g),Boleh dikonsumsi normal. Tetap perhatikan total porsi harian.
1093,Sapi Paru Dendeng Mentah,360.0,57.3,6.0,19.2,BISA,lemak 6.0g (di bawah batas 10g); protein 57.3g cukup tinggi membantu offset lemak,Boleh dikonsumsi normal. Tetap perhatikan total porsi harian.
1094,Sapi Paru Goreng,268.0,23.9,12.7,14.5,NETRAL,lemak 12.7g (zona netral 10–18g); protein 23.9g cukup tinggi membantu offset lemak,"Konsumsi 1 porsi kecil (50–80g) per hari, tidak setiap hari."
1095,Sapi Usus Segar,126.0,14.0,7.2,1.5,BISA,lemak 7.2g (di bawah batas 10g),Boleh dikonsumsi normal. Tetap perhatikan total porsi harian.
1096,Sarang Burung,281.0,37.5,0.3,32.1,BISA,lemak 0.3g (di bawah batas 10g); protein 37.5g cukup tinggi membantu offset lemak,Boleh dikonsumsi normal. Tetap perhatikan total porsi harian.
1097,Sardines Dalam Kaleng,338.0,21.1,27.0,1.0,TIDAK_BISA,lemak 27.0g (melebihi batas 25g),Hindari. Konsultasikan dengan ahli gizi untuk alternatif.
1098,Sari Kedelai Bubuk,344.0,30.0,20.0,43.0,NETRAL,"lemak 20.0g (perlu dibatasi, batas aman 18g); protein 30.0g cukup tinggi membantu offset lemak","Konsumsi 1 porsi kecil (50–80g) per hari, tidak setiap hari."
1099,Sarimuka,166.0,2.3,2.8,32.9,BISA,lemak 2.8g (di bawah batas 10g),Boleh dikonsumsi normal. Tetap perhatikan total porsi harian.
1100,Sate Bandeng,283.0,12.1,16.8,20.9,NETRAL,lemak 16.8g (zona netral 10–18g),"Konsumsi 1 porsi kecil (50–80g) per hari, tidak setiap hari."
1101,Sate Kulit,110.0,15.5,0.5,11.5,BISA,lemak 0.5g (di bawah batas 10g); protein 15.5g cukup tinggi membantu offset lemak,Boleh dikonsumsi normal. Tetap perhatikan total porsi harian.
1102,Sate Penyu Masakan,179.0,22.5,3.5,13.3,BISA,lemak 3.5g (di bawah batas 10g); protein 22.5g cukup tinggi membantu offset lemak,Boleh dikonsumsi normal. Tetap perhatikan total porsi harian.
1103,Sate Pusut Masakan,274.0,12.9,18.6,13.6,LIMIT,"lemak 18.6g (perlu dibatasi, batas aman 18g)","Batasi 1-2x per minggu, porsi sangat kecil (≤50g). Pilih metode masak rendah minyak."
1104,Sate Usus,126.7,14.0,7.3,1.3,BISA,lemak 7.3g (di bawah batas 10g),Boleh dikonsumsi normal. Tetap perhatikan total porsi harian.
1105,Sawi,22.0,2.3,0.3,4.0,BISA,lemak 0.3g (di bawah batas 10g),Boleh dikonsumsi normal. Tetap perhatikan total porsi harian.
1106,Sawi Putih / Pecai Segar,9.0,1.0,0.1,1.7,BISA,lemak 0.1g (di bawah batas 10g),Boleh dikonsumsi normal. Tetap perhatikan total porsi harian.
1107,Sawi Taiwan Segar,30.0,1.9,0.5,4.4,BISA,lemak 0.5g (di bawah batas 10g),Boleh dikonsumsi normal. Tetap perhatikan total porsi harian.
1108,Sawi Tanah Segar,19.0,1.3,0.2,2.9,BISA,lemak 0.2g (di bawah batas 10g),Boleh dikonsumsi normal. Tetap perhatikan total porsi harian.
1109,Sawo,92.0,0.5,1.1,22.4,BISA,lemak 1.1g (di bawah batas 10g),Boleh dikonsumsi normal. Tetap perhatikan total porsi harian.
1110,Sawo Duren Segar,64.0,1.0,3.1,8.0,BISA,lemak 3.1g (di bawah batas 10g),Boleh dikonsumsi normal. Tetap perhatikan total porsi harian.
1111,Sawo Kecik Segar,111.0,0.9,2.3,21.6,BISA,lemak 2.3g (di bawah batas 10g),Boleh dikonsumsi normal. Tetap perhatikan total porsi harian.
1112,Sawo Manila Segar,92.0,0.5,1.1,22.4,BISA,lemak 1.1g (di bawah batas 10g),Boleh dikonsumsi normal. Tetap perhatikan total porsi harian.
1113,Sayur Asem,29.0,0.7,0.6,5.0,BISA,lemak 0.6g (di bawah batas 10g),Boleh dikonsumsi normal. Tetap perhatikan total porsi harian.
1114,Sayur Bunga Pepaya,49.0,1.7,0.3,9.8,BISA,lemak 0.3g (di bawah batas 10g),Boleh dikonsumsi normal. Tetap perhatikan total porsi harian.
1115,Sayur Garu,178.0,2.6,13.9,10.6,NETRAL,lemak 13.9g (zona netral 10–18g),"Konsumsi 1 porsi kecil (50–80g) per hari, tidak setiap hari."
1116,Sayur Kohu-Kohu,133.0,7.3,6.6,11.2,BISA,lemak 6.6g (di bawah batas 10g),Boleh dikonsumsi normal. Tetap perhatikan total porsi harian.
1117,Sayur Lebui,64.0,2.1,0.6,12.5,BISA,lemak 0.6g (di bawah batas 10g),Boleh dikonsumsi normal. Tetap perhatikan total porsi harian.
1118,Sayur Lilin-Terubuk,36.0,2.7,0.7,4.8,BISA,lemak 0.7g (di bawah batas 10g),Boleh dikonsumsi normal. Tetap perhatikan total porsi harian.
1119,Sayur Ndusuk,49.0,3.1,2.5,3.6,BISA,lemak 2.5g (di bawah batas 10g),Boleh dikonsumsi normal. Tetap perhatikan total porsi harian.
1120,Sayur Sop,27.0,1.3,2.0,1.0,BISA,lemak 2.0g (di bawah batas 10g),Boleh dikonsumsi normal. Tetap perhatikan total porsi harian.
1121,Sayur Umbut Kelapa,67.0,5.2,2.9,5.1,BISA,lemak 2.9g (di bawah batas 10g),Boleh dikonsumsi normal. Tetap perhatikan total porsi harian.
1122,Sayur Umbut Rotan,57.0,5.4,2.6,3.1,BISA,lemak 2.6g (di bawah batas 10g),Boleh dikonsumsi normal. Tetap perhatikan total porsi harian.
1123,Selada,15.0,1.2,0.2,2.9,BISA,lemak 0.2g (di bawah batas 10g),Boleh dikonsumsi normal. Tetap perhatikan total porsi harian.
1124,Selada Air,17.0,1.7,0.3,3.0,BISA,lemak 0.3g (di bawah batas 10g),Boleh dikonsumsi normal. Tetap perhatikan total porsi harian.
1125,Selada Air Rebus,19.0,2.7,0.2,2.9,BISA,lemak 0.2g (di bawah batas 10g),Boleh dikonsumsi normal. Tetap perhatikan total porsi harian.
1126,Seledri,20.0,1.0,0.1,4.6,BISA,lemak 0.1g (di bawah batas 10g),Boleh dikonsumsi normal. Tetap perhatikan total porsi harian.
1127,Semangka,28.0,0.5,0.2,6.9,BISA,lemak 0.2g (di bawah batas 10g),Boleh dikonsumsi normal. Tetap perhatikan total porsi harian.
1128,Semur Jengkol,192.5,4.5,6.0,30.3,BISA,lemak 6.0g (di bawah batas 10g),Boleh dikonsumsi normal. Tetap perhatikan total porsi harian.
1129,Sente,64.0,0.6,0.3,14.8,BISA,lemak 0.3g (di bawah batas 10g),Boleh dikonsumsi normal. Tetap perhatikan total porsi harian.
1130,Sente Talas Segar,353.0,0.7,0.2,84.7,BISA,lemak 0.2g (di bawah batas 10g),Boleh dikonsumsi normal. Tetap perhatikan total porsi harian.
1131,Sepi Masakan,88.0,7.9,1.6,10.6,BISA,lemak 1.6g (di bawah batas 10g),Boleh dikonsumsi normal. Tetap perhatikan total porsi harian.
1132,Serbuk Coklat,298.0,8.0,23.8,48.9,LIMIT,"lemak 23.8g (perlu dibatasi, batas aman 18g)","Batasi 1-2x per minggu, porsi sangat kecil (≤50g). Pilih metode masak rendah minyak."
1133,Serimping Talas Kebumen,478.0,2.5,21.2,69.2,LIMIT,"lemak 21.2g (perlu dibatasi, batas aman 18g); kalori 478.0 kkal cukup tinggi untuk kondisi ini","Batasi 1-2x per minggu, porsi sangat kecil (≤50g). Pilih metode masak rendah minyak."
1134,Setrup Sirup,213.0,0.0,0.0,55.0,BISA,lemak 0.0g (di bawah batas 10g),Boleh dikonsumsi normal. Tetap perhatikan total porsi harian.
1135,Shabu-Shabu,88.0,3.2,8.0,0.8,BISA,lemak 8.0g (di bawah batas 10g),Boleh dikonsumsi normal. Tetap perhatikan total porsi harian.
1136,Sie Reuboh Masakan,474.0,11.2,42.5,11.7,TIDAK_BISA,lemak 42.5g (melebihi batas 25g); kalori 474.0 kkal cukup tinggi untuk kondisi ini,Hindari. Konsultasikan dengan ahli gizi untuk alternatif.
1137,Singkah (Rotan Muda),81.0,5.1,4.5,5.1,BISA,lemak 4.5g (di bawah batas 10g),Boleh dikonsumsi normal. Tetap perhatikan total porsi harian.
1138,Singkong Goreng,285.0,1.0,18.0,28.0,NETRAL,lemak 18.0g (zona netral 10–18g),"Konsumsi 1 porsi kecil (50–80g) per hari, tidak setiap hari."
1139,Singkong Kukus,146.0,1.2,0.3,34.7,BISA,lemak 0.3g (di bawah batas 10g),Boleh dikonsumsi normal. Tetap perhatikan total porsi harian.
1140,Singkong Tape,173.0,0.5,0.1,42.5,BISA,lemak 0.1g (di bawah batas 10g),Boleh dikonsumsi normal. Tetap perhatikan total porsi harian.
1141,Siomay,95.3,4.4,2.2,14.4,BISA,lemak 2.2g (di bawah batas 10g),Boleh dikonsumsi normal. Tetap perhatikan total porsi harian.
1142,Sirsak,65.0,1.0,0.3,16.3,BISA,lemak 0.3g (di bawah batas 10g),Boleh dikonsumsi normal. Tetap perhatikan total porsi harian.
1143,Sirup,213.0,0.0,0.0,55.0,BISA,lemak 0.0g (di bawah batas 10g),Boleh dikonsumsi normal. Tetap perhatikan total porsi harian.
1144,Sop Buntut Masakan,71.0,7.5,3.6,2.2,BISA,lemak 3.6g (di bawah batas 10g),Boleh dikonsumsi normal. Tetap perhatikan total porsi harian.
1145,Sop Daging Sapi Masakan,49.0,5.8,0.5,5.3,BISA,lemak 0.5g (di bawah batas 10g),Boleh dikonsumsi normal. Tetap perhatikan total porsi harian.
1146,Sop Kaki Sapi Masakan,68.0,9.0,1.9,3.7,BISA,lemak 1.9g (di bawah batas 10g),Boleh dikonsumsi normal. Tetap perhatikan total porsi harian.
1147,Sop Kambing Masakan,34.0,5.5,0.8,1.1,BISA,lemak 0.8g (di bawah batas 10g),Boleh dikonsumsi normal. Tetap perhatikan total porsi harian.
1148,Sop Konro Masakan,71.0,7.4,2.6,4.5,BISA,lemak 2.6g (di bawah batas 10g),Boleh dikonsumsi normal. Tetap perhatikan total porsi harian.
1149,Sop Kool,12.0,0.5,0.1,2.0,BISA,lemak 0.1g (di bawah batas 10g),Boleh dikonsumsi normal. Tetap perhatikan total porsi harian.
1150,Sop Kool Dan Wortel,15.0,0.6,0.1,3.1,BISA,lemak 0.1g (di bawah batas 10g),Boleh dikonsumsi normal. Tetap perhatikan total porsi harian.
1151,Sop Saudara Masakan,89.0,7.2,5.0,3.9,BISA,lemak 5.0g (di bawah batas 10g),Boleh dikonsumsi normal. Tetap perhatikan total porsi harian.
1152,Soto Bandung Masakan,42.0,3.9,1.7,2.8,BISA,lemak 1.7g (di bawah batas 10g),Boleh dikonsumsi normal. Tetap perhatikan total porsi harian.
1153,Soto Banjar Masakan,110.0,2.9,9.5,3.2,BISA,lemak 9.5g (di bawah batas 10g),Boleh dikonsumsi normal. Tetap perhatikan total porsi harian.
1154,Soto Betawi Masakan,135.0,2.5,8.8,11.5,BISA,lemak 8.8g (di bawah batas 10g),Boleh dikonsumsi normal. Tetap perhatikan total porsi harian.
1155,Soto Dengan Daging,127.5,2.6,9.4,8.3,BISA,lemak 9.4g (di bawah batas 10g),Boleh dikonsumsi normal. Tetap perhatikan total porsi harian.
1156,Soto Jeroan Masakan,92.0,11.8,4.3,1.4,BISA,lemak 4.3g (di bawah batas 10g),Boleh dikonsumsi normal. Tetap perhatikan total porsi harian.
1157,Soto Kudus Masakan,38.0,2.6,2.3,1.8,BISA,lemak 2.3g (di bawah batas 10g),Boleh dikonsumsi normal. Tetap perhatikan total porsi harian.
1158,Soto Madura Masakan,60.0,3.5,4.5,1.3,BISA,lemak 4.5g (di bawah batas 10g),Boleh dikonsumsi normal. Tetap perhatikan total porsi harian.
1159,Soto Padang Masakan,127.0,5.9,6.6,11.0,BISA,lemak 6.6g (di bawah batas 10g),Boleh dikonsumsi normal. Tetap perhatikan total porsi harian.
1160,Soto Pekalongan Masakan,94.0,3.0,6.8,5.1,BISA,lemak 6.8g (di bawah batas 10g),Boleh dikonsumsi normal. Tetap perhatikan total porsi harian.
1161,Soto Pemalang Masakan,75.0,3.6,5.2,3.5,BISA,lemak 5.2g (di bawah batas 10g),Boleh dikonsumsi normal. Tetap perhatikan total porsi harian.
1162,Soto Sukaraja Masakan,80.0,3.2,3.5,9.0,BISA,lemak 3.5g (di bawah batas 10g),Boleh dikonsumsi normal. Tetap perhatikan total porsi harian.
1163,Soto Sulung Masakan,86.0,2.3,8.5,0.0,BISA,lemak 8.5g (di bawah batas 10g),Boleh dikonsumsi normal. Tetap perhatikan total porsi harian.
1164,Soto Tanpa Daging,117.1,0.4,8.6,9.6,BISA,lemak 8.6g (di bawah batas 10g),Boleh dikonsumsi normal. Tetap perhatikan total porsi harian.
1165,Spaghetti,139.0,7.4,2.1,22.6,BISA,lemak 2.1g (di bawah batas 10g),Boleh dikonsumsi normal. Tetap perhatikan total porsi harian.
1166,Srikaya,101.0,1.7,0.6,35.2,BISA,lemak 0.6g (di bawah batas 10g),Boleh dikonsumsi normal. Tetap perhatikan total porsi harian.
1167,Sukiyaki Masakan,75.0,5.6,0.4,12.2,BISA,lemak 0.4g (di bawah batas 10g),Boleh dikonsumsi normal. Tetap perhatikan total porsi harian.
1168,Sukun Muda Segar,119.0,1.4,0.2,28.1,BISA,lemak 0.2g (di bawah batas 10g),Boleh dikonsumsi normal. Tetap perhatikan total porsi harian.
1169,Sukun Tua Segar,126.0,1.6,0.2,24.5,BISA,lemak 0.2g (di bawah batas 10g),Boleh dikonsumsi normal. Tetap perhatikan total porsi harian.
1170,Susu Asam Untuk Bayi Bubuk,418.0,19.0,9.0,65.5,NETRAL,lemak 9.0g (di bawah batas 10g); kalori 418.0 kkal cukup tinggi untuk kondisi ini; protein 19.0g cukup tinggi membantu offset lemak,"Konsumsi 1 porsi kecil (50–80g) per hari, tidak setiap hari."
1171,Susu Bubuk,513.0,24.6,30.0,36.2,TIDAK_BISA,lemak 30.0g (melebihi batas 25g); kalori 513.0 kkal cukup tinggi untuk kondisi ini,Hindari. Konsultasikan dengan ahli gizi untuk alternatif.
1172,Susu Kambing,64.0,4.3,2.3,6.6,BISA,lemak 2.3g (di bawah batas 10g),Boleh dikonsumsi normal. Tetap perhatikan total porsi harian.
1173,Susu Kedelai,41.0,3.5,2.5,5.0,BISA,lemak 2.5g (di bawah batas 10g),Boleh dikonsumsi normal. Tetap perhatikan total porsi harian.
1174,Susu Kental Manis,336.0,8.2,10.0,55.0,BISA,lemak 10.0g (di bawah batas 10g),Boleh dikonsumsi normal. Tetap perhatikan total porsi harian.
1175,Susu Kental Tak Manis,138.0,7.0,7.9,9.9,BISA,lemak 7.9g (di bawah batas 10g),Boleh dikonsumsi normal. Tetap perhatikan total porsi harian.
1176,Susu Kerbau,160.0,6.3,12.0,7.1,NETRAL,lemak 12.0g (zona netral 10–18g),"Konsumsi 1 porsi kecil (50–80g) per hari, tidak setiap hari."
1177,Susu Sapi,61.0,3.2,3.5,4.3,BISA,lemak 3.5g (di bawah batas 10g),Boleh dikonsumsi normal. Tetap perhatikan total porsi harian.
1178,Susu Skim (Tak Berlemak),36.0,3.5,0.1,5.1,BISA,lemak 0.1g (di bawah batas 10g),Boleh dikonsumsi normal. Tetap perhatikan total porsi harian.
1179,Susu Skim Bubuk,359.0,35.6,1.0,52.0,BISA,lemak 1.0g (di bawah batas 10g); protein 35.6g cukup tinggi membantu offset lemak,Boleh dikonsumsi normal. Tetap perhatikan total porsi harian.
1180,Susu Skim Segar,36.0,3.5,0.1,5.1,BISA,lemak 0.1g (di bawah batas 10g),Boleh dikonsumsi normal. Tetap perhatikan total porsi harian.
1181,Susupan,87.0,5.3,5.2,6.3,BISA,lemak 5.2g (di bawah batas 10g),Boleh dikonsumsi normal. Tetap perhatikan total porsi harian.
1182,Suweg Kukus,90.0,1.5,0.1,21.9,BISA,lemak 0.1g (di bawah batas 10g),Boleh dikonsumsi normal. Tetap perhatikan total porsi harian.
1183,Suweg Mentah,69.0,1.0,0.1,15.7,BISA,lemak 0.1g (di bawah batas 10g),Boleh dikonsumsi normal. Tetap perhatikan total porsi harian.
1184,Suweg Talas Segar,74.0,1.4,0.1,17.2,BISA,lemak 0.1g (di bawah batas 10g),Boleh dikonsumsi normal. Tetap perhatikan total porsi harian.
1185,Suwir-Suwir,347.0,0.5,0.9,84.2,BISA,lemak 0.9g (di bawah batas 10g),Boleh dikonsumsi normal. Tetap perhatikan total porsi harian.
1186,Tahu,68.0,7.8,4.6,1.6,BISA,lemak 4.6g (di bawah batas 10g),Boleh dikonsumsi normal. Tetap perhatikan total porsi harian.
1187,Tahu Goreng,115.0,9.7,8.5,2.5,BISA,lemak 8.5g (di bawah batas 10g),Boleh dikonsumsi normal. Tetap perhatikan total porsi harian.
1188,Tahu Telur,328.0,12.6,19.9,24.6,LIMIT,"lemak 19.9g (perlu dibatasi, batas aman 18g)","Batasi 1-2x per minggu, porsi sangat kecil (≤50g). Pilih metode masak rendah minyak."
1189,Takwa,148.0,13.8,8.5,4.0,BISA,lemak 8.5g (di bawah batas 10g),Boleh dikonsumsi normal. Tetap perhatikan total porsi harian.
1190,Talas Bogor Kukus,120.0,1.5,0.3,28.2,BISA,lemak 0.3g (di bawah batas 10g),Boleh dikonsumsi normal. Tetap perhatikan total porsi harian.
1191,Talas Pontianak Segar,163.0,2.3,0.5,36.4,BISA,lemak 0.5g (di bawah batas 10g),Boleh dikonsumsi normal. Tetap perhatikan total porsi harian.
1192,Talas Viqueque Segar,115.0,1.8,0.5,25.9,BISA,lemak 0.5g (di bawah batas 10g),Boleh dikonsumsi normal. Tetap perhatikan total porsi harian.
1193,Tales Kukus,120.0,1.5,0.3,28.2,BISA,lemak 0.3g (di bawah batas 10g),Boleh dikonsumsi normal. Tetap perhatikan total porsi harian.
1194,Tales Mentah,98.0,1.9,0.2,23.7,BISA,lemak 0.2g (di bawah batas 10g),Boleh dikonsumsi normal. Tetap perhatikan total porsi harian.
1195,Taoco,166.0,10.4,4.9,24.1,BISA,lemak 4.9g (di bawah batas 10g),Boleh dikonsumsi normal. Tetap perhatikan total porsi harian.
1196,Taoge Goreng,88.0,3.2,2.1,14.0,BISA,lemak 2.1g (di bawah batas 10g),Boleh dikonsumsi normal. Tetap perhatikan total porsi harian.
1197,Taoge Kacang Kedelai Segar,76.0,9.0,2.6,6.4,BISA,lemak 2.6g (di bawah batas 10g),Boleh dikonsumsi normal. Tetap perhatikan total porsi harian.
1198,Taoge Seduh,28.0,3.0,0.8,4.0,BISA,lemak 0.8g (di bawah batas 10g),Boleh dikonsumsi normal. Tetap perhatikan total porsi harian.
1199,Taoge Segar,34.0,3.7,1.2,4.3,BISA,lemak 1.2g (di bawah batas 10g),Boleh dikonsumsi normal. Tetap perhatikan total porsi harian.
1200,Taokoa,104.0,12.9,6.8,1.2,BISA,lemak 6.8g (di bawah batas 10g),Boleh dikonsumsi normal. Tetap perhatikan total porsi harian.
1201,Tapai Beras,99.0,1.7,0.3,22.4,BISA,lemak 0.3g (di bawah batas 10g),Boleh dikonsumsi normal. Tetap perhatikan total porsi harian.
1202,Tapai Ketan Hitam,166.0,3.8,1.0,34.4,BISA,lemak 1.0g (di bawah batas 10g),Boleh dikonsumsi normal. Tetap perhatikan total porsi harian.
1203,Tapai Ketan Putih,172.0,3.0,0.5,37.5,BISA,lemak 0.5g (di bawah batas 10g),Boleh dikonsumsi normal. Tetap perhatikan total porsi harian.
1204,Tapai Singkong,169.0,1.4,0.3,40.2,BISA,lemak 0.3g (di bawah batas 10g),Boleh dikonsumsi normal. Tetap perhatikan total porsi harian.
1205,Tauco Cap Das Cake,358.0,7.5,4.3,70.4,BISA,lemak 4.3g (di bawah batas 10g),Boleh dikonsumsi normal. Tetap perhatikan total porsi harian.
1206,Tauji Cap Singa,277.0,9.1,4.7,49.6,BISA,lemak 4.7g (di bawah batas 10g),Boleh dikonsumsi normal. Tetap perhatikan total porsi harian.
1207,Tebu Terubuk,25.0,4.6,0.4,3.0,BISA,lemak 0.4g (di bawah batas 10g),Boleh dikonsumsi normal. Tetap perhatikan total porsi harian.
1208,Tedong Pallu Basa Masakan,83.0,10.4,3.4,2.8,BISA,lemak 3.4g (di bawah batas 10g),Boleh dikonsumsi normal. Tetap perhatikan total porsi harian.
1209,Teh,132.0,19.5,0.7,67.8,BISA,lemak 0.7g (di bawah batas 10g); protein 19.5g cukup tinggi membantu offset lemak,Boleh dikonsumsi normal. Tetap perhatikan total porsi harian.
1210,Teh Hijau Daun Kering,300.0,28.3,4.8,53.6,BISA,lemak 4.8g (di bawah batas 10g); protein 28.3g cukup tinggi membantu offset lemak,Boleh dikonsumsi normal. Tetap perhatikan total porsi harian.
1211,Teh Melati Daun Kering,299.0,24.1,3.5,59.0,BISA,lemak 3.5g (di bawah batas 10g); protein 24.1g cukup tinggi membantu offset lemak,Boleh dikonsumsi normal. Tetap perhatikan total porsi harian.
1212,Tekokak,34.0,2.0,0.1,7.9,BISA,lemak 0.1g (di bawah batas 10g),Boleh dikonsumsi normal. Tetap perhatikan total porsi harian.
1213,Tekokak Kering,294.0,8.3,1.7,72.6,BISA,lemak 1.7g (di bawah batas 10g),Boleh dikonsumsi normal. Tetap perhatikan total porsi harian.
1214,Tekwan,53.0,1.9,0.9,9.4,BISA,lemak 0.9g (di bawah batas 10g),Boleh dikonsumsi normal. Tetap perhatikan total porsi harian.
1215,Telur Ayam,162.0,12.8,11.5,0.7,NETRAL,lemak 11.5g (zona netral 10–18g),"Konsumsi 1 porsi kecil (50–80g) per hari, tidak setiap hari."
1216,Telur Ayam Bagian Kuning,361.0,19.3,31.9,0.7,TIDAK_BISA,lemak 31.9g (melebihi batas 25g),Hindari. Konsultasikan dengan ahli gizi untuk alternatif.
1217,Telur Ayam Bagian Putih,50.0,10.8,0.0,0.8,BISA,lemak 0.0g (di bawah batas 10g),Boleh dikonsumsi normal. Tetap perhatikan total porsi harian.
1218,Telur Ayam Ceplok,383.0,15.1,32.9,8.3,TIDAK_BISA,lemak 32.9g (melebihi batas 25g),Hindari. Konsultasikan dengan ahli gizi untuk alternatif.
1219,Telur Ayam Dadar,251.0,16.3,19.4,1.4,NETRAL,"lemak 19.4g (perlu dibatasi, batas aman 18g); protein 16.3g cukup tinggi membantu offset lemak","Konsumsi 1 porsi kecil (50–80g) per hari, tidak setiap hari."
1220,Telur Ayam Kampung,179.0,13.6,13.3,4.4,NETRAL,lemak 13.3g (zona netral 10–18g),"Konsumsi 1 porsi kecil (50–80g) per hari, tidak setiap hari."
1221,Telur Bebek Bagian Kuning Segar,386.0,17.0,35.0,0.8,TIDAK_BISA,lemak 35.0g (melebihi batas 25g),Hindari. Konsultasikan dengan ahli gizi untuk alternatif.
1222,Telur Bebek Bagian Putih,54.0,11.0,0.0,0.8,BISA,lemak 0.0g (di bawah batas 10g),Boleh dikonsumsi normal. Tetap perhatikan total porsi harian.
1223,Telur Bebek Bagian Putih Segar,54.0,11.0,0.0,0.8,BISA,lemak 0.0g (di bawah batas 10g),Boleh dikonsumsi normal. Tetap perhatikan total porsi harian.
1224,Telur Bebek Ceplok,320.0,15.1,30.5,0.9,TIDAK_BISA,lemak 30.5g (melebihi batas 25g),Hindari. Konsultasikan dengan ahli gizi untuk alternatif.
1225,Telur Bebek Dadar,301.0,20.0,23.7,0.0,NETRAL,"lemak 23.7g (perlu dibatasi, batas aman 18g); protein 20.0g cukup tinggi membantu offset lemak","Konsumsi 1 porsi kecil (50–80g) per hari, tidak setiap hari."
1226,Telur Bebek Tambak Segar,187.0,10.9,12.4,7.9,NETRAL,lemak 12.4g (zona netral 10–18g),"Konsumsi 1 porsi kecil (50–80g) per hari, tidak setiap hari."
1227,Telur Bebek Telur Asin,195.0,13.6,13.6,1.4,NETRAL,lemak 13.6g (zona netral 10–18g),"Konsumsi 1 porsi kecil (50–80g) per hari, tidak setiap hari."
1228,Telur Burung Puyuh Segar,116.0,10.7,7.0,1.6,BISA,lemak 7.0g (di bawah batas 10g),Boleh dikonsumsi normal. Tetap perhatikan total porsi harian.
1229,Telur Penyu,144.0,12.0,10.2,0.0,NETRAL,lemak 10.2g (zona netral 10–18g),"Konsumsi 1 porsi kecil (50–80g) per hari, tidak setiap hari."
1230,Telur Terubuk,425.0,31.0,28.0,10.0,TIDAK_BISA,lemak 28.0g (melebihi batas 25g); kalori 425.0 kkal cukup tinggi untuk kondisi ini,Hindari. Konsultasikan dengan ahli gizi untuk alternatif.
1231,Tempe Bongkrek,119.0,4.4,3.5,18.3,BISA,lemak 3.5g (di bawah batas 10g),Boleh dikonsumsi normal. Tetap perhatikan total porsi harian.
1232,Tempe Gembus,73.0,5.7,1.3,4.2,BISA,lemak 1.3g (di bawah batas 10g),Boleh dikonsumsi normal. Tetap perhatikan total porsi harian.
1233,Tempe Gembus Yogya,76.0,6.8,0.7,10.6,BISA,lemak 0.7g (di bawah batas 10g),Boleh dikonsumsi normal. Tetap perhatikan total porsi harian.
1234,Tempe Goreng,328.0,18.4,23.2,12.8,NETRAL,"lemak 23.2g (perlu dibatasi, batas aman 18g); protein 18.4g cukup tinggi membantu offset lemak","Konsumsi 1 porsi kecil (50–80g) per hari, tidak setiap hari."
1235,Tempe Kacang Babi,139.0,12.5,0.8,21.9,BISA,lemak 0.8g (di bawah batas 10g),Boleh dikonsumsi normal. Tetap perhatikan total porsi harian.
1236,Tempe Kacang Belimbing,212.0,17.5,10.0,12.9,BISA,lemak 10.0g (di bawah batas 10g); protein 17.5g cukup tinggi membantu offset lemak,Boleh dikonsumsi normal. Tetap perhatikan total porsi harian.
1237,Tempe Kedelai + Jagung,143.0,12.0,5.5,11.4,BISA,lemak 5.5g (di bawah batas 10g),Boleh dikonsumsi normal. Tetap perhatikan total porsi harian.
1238,Tempe Kedelai Murni Goreng,350.0,24.5,26.6,10.4,TIDAK_BISA,lemak 26.6g (melebihi batas 25g),Hindari. Konsultasikan dengan ahli gizi untuk alternatif.
1239,Tempe Kedelai Murni Mentah,201.0,20.8,8.8,13.5,BISA,lemak 8.8g (di bawah batas 10g); protein 20.8g cukup tinggi membantu offset lemak,Boleh dikonsumsi normal. Tetap perhatikan total porsi harian.
1240,Tempe Koro Benguk,141.0,10.2,1.3,23.2,BISA,lemak 1.3g (di bawah batas 10g),Boleh dikonsumsi normal. Tetap perhatikan total porsi harian.
1241,Tempe Lamtoro Var. Gung Dengan Kulit,146.0,11.7,2.3,19.6,BISA,lemak 2.3g (di bawah batas 10g),Boleh dikonsumsi normal. Tetap perhatikan total porsi harian.
1242,Tempe Lamtoro Var. Gung Tanpa Kulit,131.0,18.0,0.8,13.0,BISA,lemak 0.8g (di bawah batas 10g); protein 18.0g cukup tinggi membantu offset lemak,Boleh dikonsumsi normal. Tetap perhatikan total porsi harian.
1243,Tempe Pasar Segar,150.0,14.0,7.7,9.1,BISA,lemak 7.7g (di bawah batas 10g),Boleh dikonsumsi normal. Tetap perhatikan total porsi harian.
1244,Tempe Pasar Goreng,336.0,20.0,28.0,7.8,TIDAK_BISA,lemak 28.0g (melebihi batas 25g),Hindari. Konsultasikan dengan ahli gizi untuk alternatif.
1245,Tempe Sayur,240.0,6.0,2.7,49.3,BISA,lemak 2.7g (di bawah batas 10g),Boleh dikonsumsi normal. Tetap perhatikan total porsi harian.
1246,Tempoya,110.0,1.7,1.3,21.9,BISA,lemak 1.3g (di bawah batas 10g),Boleh dikonsumsi normal. Tetap perhatikan total porsi harian.
1247,Tempuyak,126.0,1.1,2.2,25.7,BISA,lemak 2.2g (di bawah batas 10g),Boleh dikonsumsi normal. Tetap perhatikan total porsi harian.
1248,Tepung Arrowroot,355.0,0.7,0.2,85.2,BISA,lemak 0.2g (di bawah batas 10g),Boleh dikonsumsi normal. Tetap perhatikan total porsi harian.
1249,Tepung Beras,364.0,7.0,0.5,80.0,BISA,lemak 0.5g (di bawah batas 10g),Boleh dikonsumsi normal. Tetap perhatikan total porsi harian.
1250,Tepung Beras Mentah,353.0,7.0,0.5,80.0,BISA,lemak 0.5g (di bawah batas 10g),Boleh dikonsumsi normal. Tetap perhatikan total porsi harian.
1251,Tepung Ganyong,353.0,0.8,1.7,83.6,BISA,lemak 1.7g (di bawah batas 10g),Boleh dikonsumsi normal. Tetap perhatikan total porsi harian.
1252,Tepung Gaplek,363.0,1.1,0.5,88.2,BISA,lemak 0.5g (di bawah batas 10g),Boleh dikonsumsi normal. Tetap perhatikan total porsi harian.
1253,Tepung Garut (Arrowroot),355.0,0.7,0.2,85.2,BISA,lemak 0.2g (di bawah batas 10g),Boleh dikonsumsi normal. Tetap perhatikan total porsi harian.
1254,Tepung Hunkwee,364.0,4.5,1.0,83.5,BISA,lemak 1.0g (di bawah batas 10g),Boleh dikonsumsi normal. Tetap perhatikan total porsi harian.
1255,Tepung Ikan,316.0,60.1,6.5,22.4,BISA,lemak 6.5g (di bawah batas 10g); protein 60.1g cukup tinggi membantu offset lemak,Boleh dikonsumsi normal. Tetap perhatikan total porsi harian.
1256,Tepung Jagung Kuning,355.0,9.2,3.9,73.7,BISA,lemak 3.9g (di bawah batas 10g),Boleh dikonsumsi normal. Tetap perhatikan total porsi harian.
1257,Tepung Jagung Putih,355.0,9.2,3.9,73.7,BISA,lemak 3.9g (di bawah batas 10g),Boleh dikonsumsi normal. Tetap perhatikan total porsi harian.
1258,Tepung Jalejo,388.0,19.0,7.5,61.2,BISA,lemak 7.5g (di bawah batas 10g); protein 19.0g cukup tinggi membantu offset lemak,Boleh dikonsumsi normal. Tetap perhatikan total porsi harian.
1259,Tepung Kacang Kedelai,347.0,35.9,20.6,29.9,NETRAL,"lemak 20.6g (perlu dibatasi, batas aman 18g); protein 35.9g cukup tinggi membantu offset lemak","Konsumsi 1 porsi kecil (50–80g) per hari, tidak setiap hari."
1260,Tepung Kentang,347.0,0.3,0.1,85.6,BISA,lemak 0.1g (di bawah batas 10g),Boleh dikonsumsi normal. Tetap perhatikan total porsi harian.
1261,Tepung Mocaf,350.0,1.2,0.6,85.0,BISA,lemak 0.6g (di bawah batas 10g),Boleh dikonsumsi normal. Tetap perhatikan total porsi harian.
1262,Tepung Pisang,338.0,2.9,0.4,80.6,BISA,lemak 0.4g (di bawah batas 10g),Boleh dikonsumsi normal. Tetap perhatikan total porsi harian.
1263,Tepung Sagu,353.0,0.7,0.2,84.7,BISA,lemak 0.2g (di bawah batas 10g),Boleh dikonsumsi normal. Tetap perhatikan total porsi harian.
1264,Tepung Sente,326.0,4.0,0.4,76.7,BISA,lemak 0.4g (di bawah batas 10g),Boleh dikonsumsi normal. Tetap perhatikan total porsi harian.
1265,Tepung Singkong/ Tapioka,363.0,1.1,0.5,88.2,BISA,lemak 0.5g (di bawah batas 10g),Boleh dikonsumsi normal. Tetap perhatikan total porsi harian.
1266,Tepung Sukun,353.0,2.9,0.5,84.4,BISA,lemak 0.5g (di bawah batas 10g),Boleh dikonsumsi normal. Tetap perhatikan total porsi harian.
1267,Tepung Susu,509.0,24.6,30.0,36.2,TIDAK_BISA,lemak 30.0g (melebihi batas 25g); kalori 509.0 kkal cukup tinggi untuk kondisi ini,Hindari. Konsultasikan dengan ahli gizi untuk alternatif.
1268,Tepung Susu Asam Untuk Bayi,418.0,19.0,9.0,65.5,NETRAL,lemak 9.0g (di bawah batas 10g); kalori 418.0 kkal cukup tinggi untuk kondisi ini; protein 19.0g cukup tinggi membantu offset lemak,"Konsumsi 1 porsi kecil (50–80g) per hari, tidak setiap hari."
1269,Tepung Susu Skim,362.0,35.6,1.0,52.0,BISA,lemak 1.0g (di bawah batas 10g); protein 35.6g cukup tinggi membantu offset lemak,Boleh dikonsumsi normal. Tetap perhatikan total porsi harian.
1270,Tepung Tales Beneng,332.0,5.7,0.6,76.1,BISA,lemak 0.6g (di bawah batas 10g),Boleh dikonsumsi normal. Tetap perhatikan total porsi harian.
1271,Tepung Terigu,365.0,8.9,1.3,77.3,BISA,lemak 1.3g (di bawah batas 10g),Boleh dikonsumsi normal. Tetap perhatikan total porsi harian.
1272,Tepung Ubi Ungu,354.0,2.8,0.6,84.4,BISA,lemak 0.6g (di bawah batas 10g),Boleh dikonsumsi normal. Tetap perhatikan total porsi harian.
1273,Terasi,155.0,22.3,2.9,9.9,BISA,lemak 2.9g (di bawah batas 10g); protein 22.3g cukup tinggi membantu offset lemak,Boleh dikonsumsi normal. Tetap perhatikan total porsi harian.
1274,Terasi Dobo,191.0,33.1,3.6,6.6,BISA,lemak 3.6g (di bawah batas 10g); protein 33.1g cukup tinggi membantu offset lemak,Boleh dikonsumsi normal. Tetap perhatikan total porsi harian.
1275,Terasi Merah,174.0,30.0,3.5,3.5,BISA,lemak 3.5g (di bawah batas 10g); protein 30.0g cukup tinggi membantu offset lemak,Boleh dikonsumsi normal. Tetap perhatikan total porsi harian.
1276,Terasi Merah,174.0,30.0,3.5,5.6,BISA,lemak 3.5g (di bawah batas 10g); protein 30.0g cukup tinggi membantu offset lemak,Boleh dikonsumsi normal. Tetap perhatikan total porsi harian.
1277,Teri Balado Masakan,365.0,23.7,22.3,17.5,NETRAL,"lemak 22.3g (perlu dibatasi, batas aman 18g); protein 23.7g cukup tinggi membantu offset lemak","Konsumsi 1 porsi kecil (50–80g) per hari, tidak setiap hari."
1278,Teripang Dendeng Mentah,462.0,39.1,32.4,3.5,TIDAK_BISA,lemak 32.4g (melebihi batas 25g); kalori 462.0 kkal cukup tinggi untuk kondisi ini,Hindari. Konsultasikan dengan ahli gizi untuk alternatif.
1279,Terong,24.0,1.1,0.2,5.5,BISA,lemak 0.2g (di bawah batas 10g),Boleh dikonsumsi normal. Tetap perhatikan total porsi harian.
1280,Terong + Oncom Makanan,285.0,4.3,25.7,9.5,TIDAK_BISA,lemak 25.7g (melebihi batas 25g),Hindari. Konsultasikan dengan ahli gizi untuk alternatif.
1281,Terong Asam,39.0,2.3,1.9,2.0,BISA,lemak 1.9g (di bawah batas 10g),Boleh dikonsumsi normal. Tetap perhatikan total porsi harian.
1282,Terong Belanda,48.0,1.5,0.3,11.3,BISA,lemak 0.3g (di bawah batas 10g),Boleh dikonsumsi normal. Tetap perhatikan total porsi harian.
1283,Terong Hintalo Segar,45.0,1.9,0.8,7.5,BISA,lemak 0.8g (di bawah batas 10g),Boleh dikonsumsi normal. Tetap perhatikan total porsi harian.
1284,Terong Kukus,23.0,1.8,0.1,4.9,BISA,lemak 0.1g (di bawah batas 10g),Boleh dikonsumsi normal. Tetap perhatikan total porsi harian.
1285,Terong Segar,28.0,1.1,0.2,5.5,BISA,lemak 0.2g (di bawah batas 10g),Boleh dikonsumsi normal. Tetap perhatikan total porsi harian.
1286,Terung Belanda Segar,52.0,2.1,1.1,8.6,BISA,lemak 1.1g (di bawah batas 10g),Boleh dikonsumsi normal. Tetap perhatikan total porsi harian.
1287,Terung Bengkulu Segar,52.0,1.1,0.4,11.2,BISA,lemak 0.4g (di bawah batas 10g),Boleh dikonsumsi normal. Tetap perhatikan total porsi harian.
1288,Terung Panjang,25.0,2.1,0.1,5.3,BISA,lemak 0.1g (di bawah batas 10g),Boleh dikonsumsi normal. Tetap perhatikan total porsi harian.
1289,Terung Panjang Kukus,23.0,1.8,0.1,4.9,BISA,lemak 0.1g (di bawah batas 10g),Boleh dikonsumsi normal. Tetap perhatikan total porsi harian.
1290,Tespong Daun,59.0,2.9,0.3,13.9,BISA,lemak 0.3g (di bawah batas 10g),Boleh dikonsumsi normal. Tetap perhatikan total porsi harian.
1291,Tim (Nasi Tim),120.0,2.4,0.4,26.0,BISA,lemak 0.4g (di bawah batas 10g),Boleh dikonsumsi normal. Tetap perhatikan total porsi harian.
1292,Tinira Ninahu Nggaluku,33.0,1.2,1.3,4.1,BISA,lemak 1.3g (di bawah batas 10g),Boleh dikonsumsi normal. Tetap perhatikan total porsi harian.
1293,Tinoransak Masakan,516.0,17.7,49.5,0.0,TIDAK_BISA,lemak 49.5g (melebihi batas 25g); kalori 516.0 kkal cukup tinggi untuk kondisi ini,Hindari. Konsultasikan dengan ahli gizi untuk alternatif.
1294,Tipa-Tipa,355.0,6.2,1.2,79.8,BISA,lemak 1.2g (di bawah batas 10g),Boleh dikonsumsi normal. Tetap perhatikan total porsi harian.
1295,Tiwul,353.0,2.4,1.1,83.4,BISA,lemak 1.1g (di bawah batas 10g),Boleh dikonsumsi normal. Tetap perhatikan total porsi harian.
1296,Tiwul Instan,395.0,3.2,8.5,76.5,BISA,lemak 8.5g (di bawah batas 10g),Boleh dikonsumsi normal. Tetap perhatikan total porsi harian.
1297,Toge -Tahu Makanan,392.0,5.4,28.5,28.4,TIDAK_BISA,lemak 28.5g (melebihi batas 25g),Hindari. Konsultasikan dengan ahli gizi untuk alternatif.
1298,Toge Goreng,93.6,4.4,1.8,15.1,BISA,lemak 1.8g (di bawah batas 10g),Boleh dikonsumsi normal. Tetap perhatikan total porsi harian.
1299,Toge Kacang Ijo,23.0,2.9,0.2,4.1,BISA,lemak 0.2g (di bawah batas 10g),Boleh dikonsumsi normal. Tetap perhatikan total porsi harian.
1300,Toge Kacang Tunggak,35.0,5.0,0.2,5.8,BISA,lemak 0.2g (di bawah batas 10g),Boleh dikonsumsi normal. Tetap perhatikan total porsi harian.
1301,Toge Kedelai,67.0,9.0,2.6,6.4,BISA,lemak 2.6g (di bawah batas 10g),Boleh dikonsumsi normal. Tetap perhatikan total porsi harian.
1302,Toge Seduh,28.0,3.0,0.8,4.0,BISA,lemak 0.8g (di bawah batas 10g),Boleh dikonsumsi normal. Tetap perhatikan total porsi harian.
1303,Tomat Air (Juice) Segar,20.0,1.0,0.2,3.5,BISA,lemak 0.2g (di bawah batas 10g),Boleh dikonsumsi normal. Tetap perhatikan total porsi harian.
1304,Tomat Masak,20.0,1.0,0.3,4.2,BISA,lemak 0.3g (di bawah batas 10g),Boleh dikonsumsi normal. Tetap perhatikan total porsi harian.
1305,Tomat Merah Segar,24.0,1.3,0.5,4.7,BISA,lemak 0.5g (di bawah batas 10g),Boleh dikonsumsi normal. Tetap perhatikan total porsi harian.
1306,Tomat Muda Segar,24.0,2.0,0.7,3.3,BISA,lemak 0.7g (di bawah batas 10g),Boleh dikonsumsi normal. Tetap perhatikan total porsi harian.
1307,Tumis Bandeng,189.0,11.3,15.7,0.6,NETRAL,lemak 15.7g (zona netral 10–18g),"Konsumsi 1 porsi kecil (50–80g) per hari, tidak setiap hari."
1308,Tumis Bayam Bersantan,48.0,1.4,4.2,2.6,BISA,lemak 4.2g (di bawah batas 10g),Boleh dikonsumsi normal. Tetap perhatikan total porsi harian.
1309,Ubi Cilembu,186.0,1.9,0.2,44.3,BISA,lemak 0.2g (di bawah batas 10g),Boleh dikonsumsi normal. Tetap perhatikan total porsi harian.
1310,Ubi Jalar Goreng,160.0,3.7,1.3,55.3,BISA,lemak 1.3g (di bawah batas 10g),Boleh dikonsumsi normal. Tetap perhatikan total porsi harian.
1311,Ubi Jalar Kuning Kukus,100.0,0.7,0.3,23.8,BISA,lemak 0.3g (di bawah batas 10g),Boleh dikonsumsi normal. Tetap perhatikan total porsi harian.
1312,Ubi Jalar Kuning Segar,119.0,0.5,0.4,25.1,BISA,lemak 0.4g (di bawah batas 10g),Boleh dikonsumsi normal. Tetap perhatikan total porsi harian.
1313,Ubi Jalar Manis Segar,83.0,1.5,0.2,18.8,BISA,lemak 0.2g (di bawah batas 10g),Boleh dikonsumsi normal. Tetap perhatikan total porsi harian.
1314,Ubi Jalar Merah,123.0,1.8,0.7,27.9,BISA,lemak 0.7g (di bawah batas 10g),Boleh dikonsumsi normal. Tetap perhatikan total porsi harian.
1315,Ubi Jalar Merah Segar,151.0,1.6,0.3,35.4,BISA,lemak 0.3g (di bawah batas 10g),Boleh dikonsumsi normal. Tetap perhatikan total porsi harian.
1316,Ubi Jalar Putih,123.0,1.8,0.7,27.9,BISA,lemak 0.7g (di bawah batas 10g),Boleh dikonsumsi normal. Tetap perhatikan total porsi harian.
1317,Ubi Jalar Rebus,114.0,1.4,9.6,25.6,BISA,lemak 9.6g (di bawah batas 10g),Boleh dikonsumsi normal. Tetap perhatikan total porsi harian.
1318,Ubi Jalar Sayur,184.0,1.4,0.3,22.5,BISA,lemak 0.3g (di bawah batas 10g),Boleh dikonsumsi normal. Tetap perhatikan total porsi harian.
1319,Ubi Jalar Tinta/ Kemayung,108.0,0.5,0.4,25.6,BISA,lemak 0.4g (di bawah batas 10g),Boleh dikonsumsi normal. Tetap perhatikan total porsi harian.
1320,Ubi Jalar Tinta/ Kemayung Kukus,165.0,0.9,0.2,39.8,BISA,lemak 0.2g (di bawah batas 10g),Boleh dikonsumsi normal. Tetap perhatikan total porsi harian.
1321,Uceng/ Bunga Melinjo Segar,82.0,5.8,1.3,11.7,BISA,lemak 1.3g (di bawah batas 10g),Boleh dikonsumsi normal. Tetap perhatikan total porsi harian.
1322,Udang Besar Segar,56.0,11.4,0.6,1.2,BISA,lemak 0.6g (di bawah batas 10g),Boleh dikonsumsi normal. Tetap perhatikan total porsi harian.
1323,Udang Galah Segar,81.0,16.5,0.3,3.0,BISA,lemak 0.3g (di bawah batas 10g); protein 16.5g cukup tinggi membantu offset lemak,Boleh dikonsumsi normal. Tetap perhatikan total porsi harian.
1324,Udang Kering,295.0,62.4,2.3,1.8,BISA,lemak 2.3g (di bawah batas 10g); protein 62.4g cukup tinggi membantu offset lemak,Boleh dikonsumsi normal. Tetap perhatikan total porsi harian.
1325,Udang Kering Mentah,278.0,62.6,4.1,2.2,BISA,lemak 4.1g (di bawah batas 10g); protein 62.6g cukup tinggi membantu offset lemak,Boleh dikonsumsi normal. Tetap perhatikan total porsi harian.
1326,Udang Papay Mentah,273.0,47.8,3.8,12.5,BISA,lemak 3.8g (di bawah batas 10g); protein 47.8g cukup tinggi membantu offset lemak,Boleh dikonsumsi normal. Tetap perhatikan total porsi harian.
1327,Udang Segar,91.0,21.0,0.2,0.1,BISA,lemak 0.2g (di bawah batas 10g); protein 21.0g cukup tinggi membantu offset lemak,Boleh dikonsumsi normal. Tetap perhatikan total porsi harian.
1328,Ulat Sagu Panggang,380.0,11.9,30.3,14.9,TIDAK_BISA,lemak 30.3g (melebihi batas 25g),Hindari. Konsultasikan dengan ahli gizi untuk alternatif.
1329,Ulat Sagu Segar,241.0,5.8,21.6,5.8,LIMIT,"lemak 21.6g (perlu dibatasi, batas aman 18g)","Batasi 1-2x per minggu, porsi sangat kecil (≤50g). Pilih metode masak rendah minyak."
1330,Umbi Uwi Segar,120.0,2.8,0.5,82.3,BISA,lemak 0.5g (di bawah batas 10g),Boleh dikonsumsi normal. Tetap perhatikan total porsi harian.
1331,Umbut Rotan,34.0,2.4,0.3,5.5,BISA,lemak 0.3g (di bawah batas 10g),Boleh dikonsumsi normal. Tetap perhatikan total porsi harian.
1332,Usus Sapi,130.0,14.0,7.2,1.5,BISA,lemak 7.2g (di bawah batas 10g),Boleh dikonsumsi normal. Tetap perhatikan total porsi harian.
1333,Uwi,101.0,2.0,0.2,19.8,BISA,lemak 0.2g (di bawah batas 10g),Boleh dikonsumsi normal. Tetap perhatikan total porsi harian.
1334,Vermicelli,363.0,8.7,0.4,78.7,BISA,lemak 0.4g (di bawah batas 10g),Boleh dikonsumsi normal. Tetap perhatikan total porsi harian.
1335,Wajit Camilan,303.0,6.3,2.7,63.3,BISA,lemak 2.7g (di bawah batas 10g),Boleh dikonsumsi normal. Tetap perhatikan total porsi harian.
1336,Waluh Balamak,45.0,0.8,0.9,8.1,BISA,lemak 0.9g (di bawah batas 10g),Boleh dikonsumsi normal. Tetap perhatikan total porsi harian.
1337,Widaran,424.0,1.3,10.7,80.7,NETRAL,lemak 10.7g (zona netral 10–18g); kalori 424.0 kkal cukup tinggi untuk kondisi ini,"Konsumsi 1 porsi kecil (50–80g) per hari, tidak setiap hari."
1338,Wijen,568.0,19.3,51.1,18.1,TIDAK_BISA,lemak 51.1g (melebihi batas 25g); kalori 568.0 kkal cukup tinggi untuk kondisi ini,Hindari. Konsultasikan dengan ahli gizi untuk alternatif.
1339,Wingko Babat,355.0,3.2,15.1,51.4,NETRAL,lemak 15.1g (zona netral 10–18g),"Konsumsi 1 porsi kecil (50–80g) per hari, tidak setiap hari."
1340,Woku Ubi,143.0,3.1,7.8,15.0,BISA,lemak 7.8g (di bawah batas 10g),Boleh dikonsumsi normal. Tetap perhatikan total porsi harian.
1341,Worst (Sosis Daging),452.0,14.5,42.3,2.3,TIDAK_BISA,lemak 42.3g (melebihi batas 25g); kalori 452.0 kkal cukup tinggi untuk kondisi ini,Hindari. Konsultasikan dengan ahli gizi untuk alternatif.
1342,Wortel Segar,42.0,1.2,0.6,9.3,BISA,lemak 0.6g (di bawah batas 10g),Boleh dikonsumsi normal. Tetap perhatikan total porsi harian.
1343,Wortel Kukus,37.0,1.0,0.6,8.3,BISA,lemak 0.6g (di bawah batas 10g),Boleh dikonsumsi normal. Tetap perhatikan total porsi harian.
1344,Wortel Rebus,28.0,0.7,0.5,6.3,BISA,lemak 0.5g (di bawah batas 10g),Boleh dikonsumsi normal. Tetap perhatikan total porsi harian.
1345,Yangko,254.0,3.0,1.1,58.1,BISA,lemak 1.1g (di bawah batas 10g),Boleh dikonsumsi normal. Tetap perhatikan total porsi harian.
1346,Yoghurt,52.0,3.3,2.5,4.0,BISA,lemak 2.5g (di bawah batas 10g),Boleh dikonsumsi normal. Tetap perhatikan total porsi harian.
